,Transaction_id,Date,Category,Quantity,Unit Price,Discount,Payment Method
0,TN-1000,2026-01-01 00:00:00.000000,Electronics,1,163.57932937192712,0.0,Credit Card
1,TN-1001,2026-01-01 08:44:41.081081,Apparel,4,114.28663730029008,0.0,PayPal
2,TN-1002,2026-01-01 17:29:22.162162,Apparel,4,142.83714576308597,0.0,Credit Card
3,TN-1003,2026-01-02 02:14:03.243243,Electronics,4,275.42047644757037,0.0,PayPal
4,TN-1004,2026-01-02 10:58:44.324324,Books,1,35.47315179298921,0.15,Credit Card
5,TN-1005,2026-01-02 19:43:25.405405,Electronics,3,294.06932124174983,0.0,Debit Card
6,TN-1006,2026-01-03 04:28:06.486486,Electronics,3,21.861602846722555,0.15,Credit Card
7,TN-1007,2026-01-03 13:12:47.567567,Beauty,4,245.2441599230548,0.15,Debit Card
8,TN-1008,2026-01-03 21:57:28.648648,Books,4,227.92273395225348,0.0,PayPal
9,TN-1009,2026-01-04 06:42:09.729729,Apparel,3,275.99375807706144,0.0,Debit Card
10,TN-1010,2026-01-04 15:26:50.810810,Beauty,4,14.974020558265629,0.0,Credit Card
11,TN-1011,2026-01-05 00:11:31.891891,Apparel,5,210.23824242082495,0.15,Debit Card
12,TN-1012,2026-01-05 08:56:12.972972,Electronics,4,55.69710108020077,0.0,Cash
13,TN-1013,2026-01-05 17:40:54.054054,Apparel,2,252.53631064773757,0.0,Debit Card
14,TN-1014,2026-01-06 02:25:35.135135,Electronics,5,21.304943638173082,0.15,Credit Card
15,TN-1015,2026-01-06 11:10:16.216216,Beauty,4,175.1375559683995,0.0,Debit Card
16,TN-1016,2026-01-06 19:54:57.297297,Books,4,31.61194880794698,0.15,Credit Card
17,TN-1017,2026-01-07 04:39:38.378378,Apparel,2,187.143378921899,0.0,Credit Card
18,TN-1018,2026-01-07 13:24:19.459459,Apparel,4,80.126756107694,0.15,Cash
19,TN-1019,2026-01-07 22:09:00.540540,Apparel,3,197.86034055676473,0.0,PayPal
20,TN-1020,2026-01-08 06:53:41.621621,Books,2,288.4042133688048,0.0,Credit Card
21,TN-1021,2026-01-08 15:38:22.702702,Electronics,1,179.55357710071007,0.0,Debit Card
22,TN-1022,2026-01-09 00:23:03.783783,Books,1,160.9603035209779,0.0,Cash
23,TN-1023,2026-01-09 09:07:44.864864,Electronics,5,291.52601775599237,0.15,Credit Card
24,TN-1024,2026-01-09 17:52:25.945945,Electronics,2,288.878336842417,0.15,PayPal
25,TN-1025,2026-01-10 02:37:07.027027,Electronics,1,124.41094618556825,0.0,Cash
26,TN-1026,2026-01-10 11:21:48.108108,Beauty,2,205.5703476236188,0.0,PayPal
27,TN-1027,2026-01-10 20:06:29.189189,Electronics,1,183.9698698634415,0.0,PayPal
28,TN-1028,2026-01-11 04:51:10.270270,Home & Kitchen,1,80.39484828110236,0.0,Debit Card
29,TN-1029,2026-01-11 13:35:51.351351,Books,5,75.6203467275291,0.0,Cash
30,TN-1030,2026-01-11 22:20:32.432432,Beauty,4,104.78163127683479,0.0,Cash
31,TN-1031,2026-01-12 07:05:13.513513,Books,2,170.81052479001337,0.0,Cash
32,TN-1032,2026-01-12 15:49:54.594594,Home & Kitchen,5,22.773868011813395,0.0,Credit Card
33,TN-1033,2026-01-13 00:34:35.675675,Apparel,2,37.7848540981411,0.0,Debit Card
34,TN-1034,2026-01-13 09:19:16.756756,Apparel,1,105.92336477525149,0.0,Credit Card
35,TN-1035,2026-01-13 18:03:57.837837,Electronics,2,108.63668094256616,0.0,Credit Card
36,TN-1036,2026-01-14 02:48:38.918918,Home & Kitchen,4,153.17607415689054,0.15,Debit Card
37,TN-1037,2026-01-14 11:33:20.000000,Electronics,1,33.13444888613003,0.0,Credit Card
38,TN-1038,2026-01-14 20:18:01.081081,Electronics,4,141.89984928912847,0.0,Debit Card
39,TN-1039,2026-01-15 05:02:42.162162,Books,5,297.6592625117387,0.15,PayPal
40,TN-1040,2026-01-15 13:47:23.243243,Apparel,5,81.42528201476597,0.0,Cash
41,TN-1041,2026-01-15 22:32:04.324324,Apparel,1,82.81111902909736,0.0,Credit Card
42,TN-1042,2026-01-16 07:16:45.405405,Books,4,107.32558922236116,0.0,Cash
43,TN-1043,2026-01-16 16:01:26.486486,Electronics,5,45.958885254196495,0.15,Debit Card
44,TN-1044,2026-01-17 00:46:07.567567,Apparel,1,251.2296001429812,0.0,Debit Card
45,TN-1045,2026-01-17 09:30:48.648648,Books,4,86.89526175960397,0.0,Cash
46,TN-1046,2026-01-17 18:15:29.729729,Books,3,243.71959649148616,0.0,PayPal
47,TN-1047,2026-01-18 03:00:10.810810,Electronics,3,171.14512854862994,0.0,PayPal
48,TN-1048,2026-01-18 11:44:51.891891,Apparel,1,195.9124259590999,0.0,Credit Card
49,TN-1049,2026-01-18 20:29:32.972972,Electronics,2,126.25670000801699,0.15,Cash
50,TN-1050,2026-01-19 05:14:14.054054,Home & Kitchen,3,264.7153132504201,0.0,Cash
51,TN-1051,2026-01-19 13:58:55.135135,Electronics,3,148.25869786731062,0.15,Cash
52,TN-1052,2026-01-19 22:43:36.216216,Books,1,274.8818325360641,0.0,Debit Card
53,TN-1053,2026-01-20 07:28:17.297297,Home & Kitchen,5,272.9942160475758,0.15,Debit Card
54,TN-1054,2026-01-20 16:12:58.378378,Electronics,2,31.709572071320192,0.0,Debit Card
55,TN-1055,2026-01-21 00:57:39.459459,Apparel,4,215.53682046552782,0.0,Cash
56,TN-1056,2026-01-21 09:42:20.540540,Books,3,48.339008884071816,0.0,Credit Card
57,TN-1057,2026-01-21 18:27:01.621621,Electronics,4,51.53628810495533,0.15,PayPal
58,TN-1058,2026-01-22 03:11:42.702702,Apparel,3,220.77695181117514,0.0,Credit Card
59,TN-1059,2026-01-22 11:56:23.783783,Electronics,2,142.9053689097296,0.0,Credit Card
60,TN-1060,2026-01-22 20:41:04.864864,Books,1,219.9535888454748,0.0,PayPal
61,TN-1061,2026-01-23 05:25:45.945945,Apparel,5,114.17233385908662,0.15,PayPal
62,TN-1062,2026-01-23 14:10:27.027027,Apparel,2,253.04620590950765,0.15,PayPal
63,TN-1063,2026-01-23 22:55:08.108108,Apparel,1,196.8573862956638,0.0,PayPal
64,TN-1064,2026-01-24 07:39:49.189189,Electronics,5,106.24828142771267,0.0,Cash
65,TN-1065,2026-01-24 16:24:30.270270,Apparel,2,147.97736322863403,0.0,Cash
66,TN-1066,2026-01-25 01:09:11.351351,Books,2,47.16123058072947,0.0,Debit Card
67,TN-1067,2026-01-25 09:53:52.432432,Electronics,2,276.1286302745157,0.0,Debit Card
68,TN-1068,2026-01-25 18:38:33.513513,Books,4,26.024413913388855,0.15,Cash
69,TN-1069,2026-01-26 03:23:14.594594,Electronics,4,87.32522192314212,0.0,Credit Card
70,TN-1070,2026-01-26 12:07:55.675675,Books,5,70.13096592671766,0.15,Cash
71,TN-1071,2026-01-26 20:52:36.756756,Books,2,254.31178872336628,0.0,Credit Card
72,TN-1072,2026-01-27 05:37:17.837837,Beauty,2,137.02431805768168,0.0,Debit Card
73,TN-1073,2026-01-27 14:21:58.918918,Beauty,2,198.41944344081566,0.15,Credit Card
74,TN-1074,2026-01-27 23:06:40.000000,Apparel,5,107.97753803951998,0.15,Cash
75,TN-1075,2026-01-28 07:51:21.081081,Books,3,187.90613049389447,0.0,PayPal
76,TN-1076,2026-01-28 16:36:02.162162,Apparel,5,163.0687991130407,0.15,Debit Card
77,TN-1077,2026-01-29 01:20:43.243243,Books,4,24.020490274623324,0.0,Credit Card
78,TN-1078,2026-01-29 10:05:24.324324,Apparel,2,296.7139012127266,0.15,PayPal
79,TN-1079,2026-01-29 18:50:05.405405,Home & Kitchen,5,246.8949962913668,0.0,Credit Card
80,TN-1080,2026-01-30 03:34:46.486486,Books,2,33.3708553250658,0.15,Credit Card
81,TN-1081,2026-01-30 12:19:27.567567,Electronics,2,273.3708125629322,0.0,Cash
82,TN-1082,2026-01-30 21:04:08.648648,Apparel,2,238.5652000127799,0.0,Debit Card
83,TN-1083,2026-01-31 05:48:49.729729,Books,1,68.11604835011778,0.0,Debit Card
84,TN-1084,2026-01-31 14:33:30.810810,Books,3,94.07588062311851,0.0,PayPal
85,TN-1085,2026-01-31 23:18:11.891891,Electronics,3,108.90913681511917,0.0,Credit Card
86,TN-1086,2026-02-01 08:02:52.972972,Apparel,2,185.918766012129,0.15,Credit Card
87,TN-1087,2026-02-01 16:47:34.054054,Home & Kitchen,2,50.42501607967002,0.15,Cash
88,TN-1088,2026-02-02 01:32:15.135135,Beauty,3,90.96616767971601,0.0,Cash
89,TN-1089,2026-02-02 10:16:56.216216,Home & Kitchen,5,269.3437817183061,0.15,PayPal
90,TN-1090,2026-02-02 19:01:37.297297,Beauty,2,49.726467705208215,0.0,Cash
91,TN-1091,2026-02-03 03:46:18.378378,Electronics,3,147.6892112736133,0.0,Cash
92,TN-1092,2026-02-03 12:30:59.459459,Electronics,5,159.0817825860178,0.0,Debit Card
93,TN-1093,2026-02-03 21:15:40.540540,Home & Kitchen,4,274.0705380207208,0.0,Cash
94,TN-1094,2026-02-04 06:00:21.621621,Books,2,123.82104932994315,0.0,Credit Card
95,TN-1095,2026-02-04 14:45:02.702702,Beauty,5,19.321434546018832,0.0,Cash
96,TN-1096,2026-02-04 23:29:43.783783,Books,2,49.797521482621555,0.0,Debit Card
97,TN-1097,2026-02-05 08:14:24.864864,Apparel,1,47.95744337720771,0.0,Cash
98,TN-1098,2026-02-05 16:59:05.945945,Apparel,5,132.4807188652789,0.0,PayPal
99,TN-1099,2026-02-06 01:43:47.027027,Books,4,216.34285826079244,0.0,PayPal
100,TN-1100,2026-02-06 10:28:28.108108,Apparel,2,108.98055963209654,0.0,Credit Card
101,TN-1101,2026-02-06 19:13:09.189189,Books,1,98.79363952693514,0.0,Cash
102,TN-1102,2026-02-07 03:57:50.270270,Apparel,5,13.788495375818712,0.15,PayPal
103,TN-1103,2026-02-07 12:42:31.351351,Books,3,298.461707087633,0.15,Debit Card
104,TN-1104,2026-02-07 21:27:12.432432,Books,1,136.70150067089781,0.0,Debit Card
105,TN-1105,2026-02-08 06:11:53.513513,Beauty,1,167.31295933023927,0.0,Credit Card
106,TN-1106,2026-02-08 14:56:34.594594,Apparel,5,151.3009812864521,0.0,Debit Card
107,TN-1107,2026-02-08 23:41:15.675675,Books,1,282.953310865073,0.15,Credit Card
108,TN-1108,2026-02-09 08:25:56.756756,Books,3,240.1149015841593,0.15,Cash
109,TN-1109,2026-02-09 17:10:37.837837,Books,1,272.78939447204266,0.15,Debit Card
110,TN-1110,2026-02-10 01:55:18.918918,Books,2,268.45944834111305,0.0,Credit Card
111,TN-1111,2026-02-10 10:40:00.000000,Electronics,1,218.76139275851483,0.0,Credit Card
112,TN-1112,2026-02-10 19:24:41.081081,Apparel,5,282.5779132232143,0.15,Cash
113,TN-1113,2026-02-11 04:09:22.162162,Electronics,3,73.97871451287334,0.0,Cash
114,TN-1114,2026-02-11 12:54:03.243243,Books,2,97.42490449274482,0.0,PayPal
115,TN-1115,2026-02-11 21:38:44.324324,Books,4,238.3673960798923,0.0,Debit Card
116,TN-1116,2026-02-12 06:23:25.405405,Books,3,23.221919472376367,0.0,Debit Card
117,TN-1117,2026-02-12 15:08:06.486486,Books,5,17.598274280734188,0.0,Credit Card
118,TN-1118,2026-02-12 23:52:47.567567,Home & Kitchen,1,192.3618798875137,0.0,Credit Card
119,TN-1119,2026-02-13 08:37:28.648648,Home & Kitchen,2,116.16016969068612,0.0,Credit Card
120,TN-1120,2026-02-13 17:22:09.729729,Home & Kitchen,4,126.30383856913426,0.0,Cash
121,TN-1121,2026-02-14 02:06:50.810810,Beauty,3,233.44430435354195,0.0,Credit Card
122,TN-1122,2026-02-14 10:51:31.891891,Beauty,3,91.70123060057104,0.0,Cash
123,TN-1123,2026-02-14 19:36:12.972972,Home & Kitchen,2,258.0230694713704,0.15,Debit Card
124,TN-1124,2026-02-15 04:20:54.054054,Books,3,35.887003918148935,0.15,Cash
125,TN-1125,2026-02-15 13:05:35.135135,Beauty,1,163.69099924098032,0.0,Credit Card
126,TN-1126,2026-02-15 21:50:16.216216,Books,1,295.8436233851097,0.15,Debit Card
127,TN-1127,2026-02-16 06:34:57.297297,Apparel,5,233.05731749442685,0.0,Cash
128,TN-1128,2026-02-16 15:19:38.378378,Electronics,2,111.91641076974419,0.0,PayPal
129,TN-1129,2026-02-17 00:04:19.459459,Books,1,121.5496581872244,0.0,PayPal
130,TN-1130,2026-02-17 08:49:00.540540,Books,2,124.74880463741522,0.0,Credit Card
131,TN-1131,2026-02-17 17:33:41.621621,Electronics,3,209.57447979164522,0.0,Cash
132,TN-1132,2026-02-18 02:18:22.702702,Electronics,2,232.4395147939727,0.0,Credit Card
133,TN-1133,2026-02-18 11:03:03.783783,Books,5,54.302662605739215,0.0,Credit Card
134,TN-1134,2026-02-18 19:47:44.864864,Electronics,2,243.82105716373803,0.15,Debit Card
135,TN-1135,2026-02-19 04:32:25.945945,Electronics,1,212.66501932267235,0.15,Cash
136,TN-1136,2026-02-19 13:17:07.027027,Electronics,3,132.81624615384396,0.15,Credit Card
137,TN-1137,2026-02-19 22:01:48.108108,Books,1,200.5594419044127,0.0,Debit Card
138,TN-1138,2026-02-20 06:46:29.189189,Home & Kitchen,5,69.49861849403263,0.0,Debit Card
139,TN-1139,2026-02-20 15:31:10.270270,Electronics,3,152.33265960681072,0.0,Credit Card
140,TN-1140,2026-02-21 00:15:51.351351,Apparel,4,244.95872018655044,0.0,Debit Card
141,TN-1141,2026-02-21 09:00:32.432432,Apparel,5,267.79868283003736,0.0,Cash
142,TN-1142,2026-02-21 17:45:13.513513,Books,4,180.56764300269498,0.15,Debit Card
143,TN-1143,2026-02-22 02:29:54.594594,Books,1,85.79490748252144,0.0,Credit Card
144,TN-1144,2026-02-22 11:14:35.675675,Apparel,3,206.29648797964725,0.0,PayPal
145,TN-1145,2026-02-22 19:59:16.756756,Apparel,1,144.26699704376938,0.0,Debit Card
146,TN-1146,2026-02-23 04:43:57.837837,Electronics,3,78.48793834652992,0.15,Credit Card
147,TN-1147,2026-02-23 13:28:38.918918,Electronics,5,293.6556941797808,0.0,Debit Card
148,TN-1148,2026-02-23 22:13:20.000000,Electronics,1,100.87899137698224,0.15,Cash
149,TN-1149,2026-02-24 06:58:01.081081,Electronics,5,119.13425969533444,0.0,Credit Card
150,TN-1150,2026-02-24 15:42:42.162162,Books,4,260.3800866519723,0.0,Credit Card
151,TN-1151,2026-02-25 00:27:23.243243,Electronics,3,54.87714703411619,0.0,PayPal
152,TN-1152,2026-02-25 09:12:04.324324,Books,1,196.81709756251246,0.0,Credit Card
153,TN-1153,2026-02-25 17:56:45.405405,Electronics,2,125.63745246509235,0.0,Cash
154,TN-1154,2026-02-26 02:41:26.486486,Books,3,217.3911658875788,0.0,PayPal
155,TN-1155,2026-02-26 11:26:07.567567,Home & Kitchen,3,47.578857983595896,0.0,Debit Card
156,TN-1156,2026-02-26 20:10:48.648648,Books,2,219.6372716079452,0.0,Debit Card
157,TN-1157,2026-02-27 04:55:29.729729,Books,2,50.2150726820371,0.0,Credit Card
158,TN-1158,2026-02-27 13:40:10.810810,Apparel,5,193.4795174082633,0.15,Debit Card
159,TN-1159,2026-02-27 22:24:51.891891,Electronics,4,47.40954732372779,0.0,Cash
160,TN-1160,2026-02-28 07:09:32.972972,Electronics,2,76.12270240376503,0.0,Cash
161,TN-1161,2026-02-28 15:54:14.054054,Apparel,5,35.05316795808868,0.0,Cash
162,TN-1162,2026-03-01 00:38:55.135135,Books,5,184.5368339931224,0.15,Debit Card
163,TN-1163,2026-03-01 09:23:36.216216,Beauty,5,29.039309250796606,0.0,Cash
164,TN-1164,2026-03-01 18:08:17.297297,Home & Kitchen,3,99.62687689221167,0.0,Debit Card
165,TN-1165,2026-03-02 02:52:58.378378,Books,4,279.36018783312727,0.0,Cash
166,TN-1166,2026-03-02 11:37:39.459459,Home & Kitchen,1,43.61055766814691,0.0,PayPal
167,TN-1167,2026-03-02 20:22:20.540540,Apparel,1,67.77307884540431,0.0,Credit Card
168,TN-1168,2026-03-03 05:07:01.621621,Books,3,260.25701643202166,0.0,Credit Card
169,TN-1169,2026-03-03 13:51:42.702702,Electronics,1,46.02743713803573,0.0,PayPal
170,TN-1170,2026-03-03 22:36:23.783783,Electronics,2,260.2208116728258,0.0,Debit Card
171,TN-1171,2026-03-04 07:21:04.864864,Apparel,1,104.81153059358589,0.0,Cash
172,TN-1172,2026-03-04 16:05:45.945945,Apparel,4,166.32547029004579,0.0,Credit Card
173,TN-1173,2026-03-05 00:50:27.027027,Apparel,3,276.31526314970984,0.0,Cash
174,TN-1174,2026-03-05 09:35:08.108108,Apparel,4,248.34379449536672,0.15,PayPal
175,TN-1175,2026-03-05 18:19:49.189189,Apparel,3,98.79349422337613,0.0,PayPal
176,TN-1176,2026-03-06 03:04:30.270270,Books,3,268.9657421268848,0.0,Cash
177,TN-1177,2026-03-06 11:49:11.351351,Electronics,5,24.712364970131766,0.0,Cash
178,TN-1178,2026-03-06 20:33:52.432432,Electronics,1,221.54890717267895,0.0,Credit Card
179,TN-1179,2026-03-07 05:18:33.513513,Books,1,88.31348296895786,0.0,Cash
180,TN-1180,2026-03-07 14:03:14.594594,Books,5,290.7818427590588,0.0,Debit Card
181,TN-1181,2026-03-07 22:47:55.675675,Electronics,2,16.508062841831503,0.0,PayPal
182,TN-1182,2026-03-08 07:32:36.756756,Apparel,3,276.96151872037024,0.0,Cash
183,TN-1183,2026-03-08 16:17:17.837837,Apparel,1,180.4504183183164,0.15,Credit Card
184,TN-1184,2026-03-09 01:01:58.918918,Apparel,1,128.13061909649807,0.0,Credit Card
185,TN-1185,2026-03-09 09:46:40.000000,Home & Kitchen,5,235.49737469381074,0.0,Credit Card
186,TN-1186,2026-03-09 18:31:21.081081,Books,2,187.72345022481574,0.0,Cash
187,TN-1187,2026-03-10 03:16:02.162162,Electronics,2,241.50393010551343,0.0,Cash
188,TN-1188,2026-03-10 12:00:43.243243,Electronics,4,100.98405926074128,0.0,Cash
189,TN-1189,2026-03-10 20:45:24.324324,Electronics,5,22.296336301669793,0.0,Debit Card
190,TN-1190,2026-03-11 05:30:05.405405,Electronics,5,237.18786742676963,0.0,Credit Card
191,TN-1191,2026-03-11 14:14:46.486486,Books,1,22.631717100371393,0.0,PayPal
192,TN-1192,2026-03-11 22:59:27.567567,Books,3,275.7444449826199,0.0,Credit Card
193,TN-1193,2026-03-12 07:44:08.648648,Apparel,2,251.82682508273237,0.0,Cash
194,TN-1194,2026-03-12 16:28:49.729729,Apparel,3,206.1626564549334,0.0,Debit Card
195,TN-1195,2026-03-13 01:13:30.810810,Beauty,1,289.93109227110887,0.15,Credit Card
196,TN-1196,2026-03-13 09:58:11.891891,Beauty,3,43.094438371012636,0.0,PayPal
197,TN-1197,2026-03-13 18:42:52.972972,Apparel,1,79.68043810276396,0.0,Cash
198,TN-1198,2026-03-14 03:27:34.054054,Home & Kitchen,2,24.223421050841388,0.0,Cash
199,TN-1199,2026-03-14 12:12:15.135135,Books,5,181.28896552783687,0.0,Cash
200,TN-1200,2026-03-14 20:56:56.216216,Beauty,2,238.4766198244272,0.0,PayPal
201,TN-1201,2026-03-15 05:41:37.297297,Home & Kitchen,2,53.10270847739558,0.0,Cash
202,TN-1202,2026-03-15 14:26:18.378378,Home & Kitchen,2,41.96916329950524,0.15,Cash
203,TN-1203,2026-03-15 23:10:59.459459,Apparel,5,292.9531761776127,0.0,Credit Card
204,TN-1204,2026-03-16 07:55:40.540540,Apparel,1,70.97080615874998,0.0,Cash
205,TN-1205,2026-03-16 16:40:21.621621,Electronics,3,237.02923135245854,0.0,Cash
206,TN-1206,2026-03-17 01:25:02.702702,Apparel,3,289.8653661235448,0.0,Debit Card
207,TN-1207,2026-03-17 10:09:43.783783,Beauty,4,47.20299599240476,0.0,PayPal
208,TN-1208,2026-03-17 18:54:24.864864,Home & Kitchen,4,102.02151758132257,0.0,Debit Card
209,TN-1209,2026-03-18 03:39:05.945945,Home & Kitchen,5,266.6844892862388,0.0,PayPal
210,TN-1210,2026-03-18 12:23:47.027027,Beauty,5,204.05349034076758,0.0,PayPal
211,TN-1211,2026-03-18 21:08:28.108108,Home & Kitchen,1,223.45940527987904,0.15,Debit Card
212,TN-1212,2026-03-19 05:53:09.189189,Books,3,153.5464123812617,0.0,Cash
213,TN-1213,2026-03-19 14:37:50.270270,Books,2,284.2876980291445,0.0,Credit Card
214,TN-1214,2026-03-19 23:22:31.351351,Electronics,4,223.97737455332395,0.15,Debit Card
215,TN-1215,2026-03-20 08:07:12.432432,Home & Kitchen,5,245.3271161067776,0.0,PayPal
216,TN-1216,2026-03-20 16:51:53.513513,Books,1,180.31866066894926,0.0,Credit Card
217,TN-1217,2026-03-21 01:36:34.594594,Electronics,4,54.8681518221544,0.0,PayPal
218,TN-1218,2026-03-21 10:21:15.675675,Electronics,3,160.26025927957204,0.0,Credit Card
219,TN-1219,2026-03-21 19:05:56.756756,Books,2,154.8557548263173,0.0,Credit Card
220,TN-1220,2026-03-22 03:50:37.837837,Books,5,31.298927310763535,0.0,Debit Card
221,TN-1221,2026-03-22 12:35:18.918918,Electronics,2,67.20015607806627,0.0,Credit Card
222,TN-1222,2026-03-22 21:20:00.000000,Apparel,5,89.0113730049784,0.0,Debit Card
223,TN-1223,2026-03-23 06:04:41.081081,Beauty,2,66.19284772716259,0.0,PayPal
224,TN-1224,2026-03-23 14:49:22.162162,Apparel,2,278.99854685826546,0.0,PayPal
225,TN-1225,2026-03-23 23:34:03.243243,Apparel,2,265.21458776081386,0.0,Cash
226,TN-1226,2026-03-24 08:18:44.324324,Books,5,75.11815571939182,0.0,PayPal
227,TN-1227,2026-03-24 17:03:25.405405,Electronics,3,13.309413300080582,0.0,Cash
228,TN-1228,2026-03-25 01:48:06.486486,Books,4,130.2874280863532,0.0,Cash
229,TN-1229,2026-03-25 10:32:47.567567,Apparel,1,18.176872489111723,0.0,Cash
230,TN-1230,2026-03-25 19:17:28.648648,Apparel,2,85.87739597287126,0.0,Cash
231,TN-1231,2026-03-26 04:02:09.729729,Apparel,2,262.7898112844132,0.0,Credit Card
232,TN-1232,2026-03-26 12:46:50.810810,Electronics,2,225.19169647752096,0.0,Cash
233,TN-1233,2026-03-26 21:31:31.891891,Home & Kitchen,2,123.9843110171656,0.0,Debit Card
234,TN-1234,2026-03-27 06:16:12.972972,Books,2,161.5729727947383,0.0,Debit Card
235,TN-1235,2026-03-27 15:00:54.054054,Electronics,3,140.27551247382985,0.0,Credit Card
236,TN-1236,2026-03-27 23:45:35.135135,Books,3,225.8446104535929,0.0,Debit Card
237,TN-1237,2026-03-28 08:30:16.216216,Books,2,50.02370020369452,0.0,PayPal
238,TN-1238,2026-03-28 17:14:57.297297,Apparel,5,47.7724300863114,0.0,Cash
239,TN-1239,2026-03-29 01:59:38.378378,Beauty,3,69.32862685219197,0.0,Credit Card
240,TN-1240,2026-03-29 10:44:19.459459,Books,5,163.33610973422282,0.15,Credit Card
241,TN-1241,2026-03-29 19:29:00.540540,Electronics,2,142.83333296875023,0.0,Cash
242,TN-1242,2026-03-30 04:13:41.621621,Electronics,4,279.6701149018226,0.0,Credit Card
243,TN-1243,2026-03-30 12:58:22.702702,Books,5,17.713848098692043,0.0,Credit Card
244,TN-1244,2026-03-30 21:43:03.783783,Electronics,3,97.38694324627392,0.0,Cash
245,TN-1245,2026-03-31 06:27:44.864864,Apparel,2,43.46440602641677,0.0,Credit Card
246,TN-1246,2026-03-31 15:12:25.945945,Books,4,81.14367940063124,0.0,Cash
247,TN-1247,2026-03-31 23:57:07.027027,Beauty,1,223.59008989035493,0.0,PayPal
248,TN-1248,2026-04-01 08:41:48.108108,Beauty,3,211.46819273142347,0.15,Credit Card
249,TN-1249,2026-04-01 17:26:29.189189,Electronics,3,83.85505391162889,0.0,Debit Card
250,TN-1250,2026-04-02 02:11:10.270270,Electronics,4,66.76946048906953,0.0,Credit Card
251,TN-1251,2026-04-02 10:55:51.351351,Books,5,115.17714534616442,0.15,Credit Card
252,TN-1252,2026-04-02 19:40:32.432432,Beauty,4,171.92895749305404,0.0,Credit Card
253,TN-1253,2026-04-03 04:25:13.513513,Electronics,2,149.5215572858178,0.15,Cash
254,TN-1254,2026-04-03 13:09:54.594594,Electronics,2,86.52359935157965,0.0,Cash
255,TN-1255,2026-04-03 21:54:35.675675,Books,3,123.04035060562731,0.0,Cash
256,TN-1256,2026-04-04 06:39:16.756756,Beauty,5,16.426494446491233,0.0,Cash
257,TN-1257,2026-04-04 15:23:57.837837,Beauty,2,29.467106704900637,0.0,Cash
258,TN-1258,2026-04-05 00:08:38.918918,Books,2,137.01680286994582,0.0,PayPal
259,TN-1259,2026-04-05 08:53:20.000000,Books,3,60.97348927340785,0.0,Cash
260,TN-1260,2026-04-05 17:38:01.081081,Electronics,2,138.20761622825037,0.0,Cash
261,TN-1261,2026-04-06 02:22:42.162162,Books,1,201.18230030248668,0.15,Credit Card
262,TN-1262,2026-04-06 11:07:23.243243,Electronics,2,170.88688677492533,0.0,Cash
263,TN-1263,2026-04-06 19:52:04.324324,Books,4,239.63439722129297,0.15,Debit Card
264,TN-1264,2026-04-07 04:36:45.405405,Home & Kitchen,4,102.9776321144583,0.0,Cash
265,TN-1265,2026-04-07 13:21:26.486486,Beauty,1,147.59476925162593,0.0,Cash
266,TN-1266,2026-04-07 22:06:07.567567,Electronics,2,255.08897530009176,0.0,Credit Card
267,TN-1267,2026-04-08 06:50:48.648648,Electronics,5,153.08882617274978,0.0,Cash
268,TN-1268,2026-04-08 15:35:29.729729,Electronics,1,132.6429830688442,0.0,Cash
269,TN-1269,2026-04-09 00:20:10.810810,Electronics,3,233.88660504468714,0.15,Debit Card
270,TN-1270,2026-04-09 09:04:51.891891,Books,1,54.78513344592112,0.0,PayPal
271,TN-1271,2026-04-09 17:49:32.972972,Books,4,299.9874992376902,0.0,Credit Card
272,TN-1272,2026-04-10 02:34:14.054054,Home & Kitchen,4,202.33195337366084,0.0,Cash
273,TN-1273,2026-04-10 11:18:55.135135,Books,4,56.43672133822069,0.0,Credit Card
274,TN-1274,2026-04-10 20:03:36.216216,Beauty,4,74.45889589760793,0.0,Credit Card
275,TN-1275,2026-04-11 04:48:17.297297,Apparel,4,162.85926587857577,0.15,Credit Card
276,TN-1276,2026-04-11 13:32:58.378378,Home & Kitchen,5,192.56735123835216,0.0,Cash
277,TN-1277,2026-04-11 22:17:39.459459,Beauty,2,50.250886413043446,0.0,Debit Card
278,TN-1278,2026-04-12 07:02:20.540540,Beauty,4,182.9530679154274,0.0,Cash
279,TN-1279,2026-04-12 15:47:01.621621,Home & Kitchen,2,18.057790453202653,0.15,Debit Card
280,TN-1280,2026-04-13 00:31:42.702702,Books,2,40.536643426684435,0.0,Cash
281,TN-1281,2026-04-13 09:16:23.783783,Electronics,1,159.00051431364264,0.0,Credit Card
282,TN-1282,2026-04-13 18:01:04.864864,Electronics,2,286.9748208960862,0.0,Debit Card
283,TN-1283,2026-04-14 02:45:45.945945,Home & Kitchen,4,255.76823968414513,0.0,Cash
284,TN-1284,2026-04-14 11:30:27.027027,Books,3,208.14419752205254,0.15,Cash
285,TN-1285,2026-04-14 20:15:08.108108,Apparel,4,19.765924320339323,0.0,Cash
286,TN-1286,2026-04-15 04:59:49.189189,Apparel,2,226.9111736552827,0.0,PayPal
287,TN-1287,2026-04-15 13:44:30.270270,Electronics,4,165.69269618370888,0.0,Cash
288,TN-1288,2026-04-15 22:29:11.351351,Electronics,1,131.31645833339348,0.0,Credit Card
289,TN-1289,2026-04-16 07:13:52.432432,Electronics,1,68.18899713467852,0.0,Credit Card
290,TN-1290,2026-04-16 15:58:33.513513,Books,4,160.73354660767816,0.0,Credit Card
291,TN-1291,2026-04-17 00:43:14.594594,Home & Kitchen,4,116.91548657156142,0.0,Debit Card
292,TN-1292,2026-04-17 09:27:55.675675,Electronics,1,292.2891913115434,0.0,Debit Card
293,TN-1293,2026-04-17 18:12:36.756756,Books,3,76.60892233894539,0.0,Debit Card
294,TN-1294,2026-04-18 02:57:17.837837,Beauty,1,124.55247790469753,0.0,Cash
295,TN-1295,2026-04-18 11:41:58.918918,Home & Kitchen,2,27.05888206741275,0.0,Cash
296,TN-1296,2026-04-18 20:26:40.000000,Home & Kitchen,1,30.811958102002556,0.0,Credit Card
297,TN-1297,2026-04-19 05:11:21.081081,Apparel,1,249.33249940124085,0.0,Debit Card
298,TN-1298,2026-04-19 13:56:02.162162,Home & Kitchen,2,230.70947508539743,0.0,Credit Card
299,TN-1299,2026-04-19 22:40:43.243243,Electronics,3,197.17087177304637,0.0,Credit Card
300,TN-1300,2026-04-20 07:25:24.324324,Books,2,202.71284608236542,0.0,Cash
301,TN-1301,2026-04-20 16:10:05.405405,Books,1,282.60542157307384,0.0,Debit Card
302,TN-1302,2026-04-21 00:54:46.486486,Books,2,75.71800626930482,0.0,Credit Card
303,TN-1303,2026-04-21 09:39:27.567567,Books,1,269.32277794673905,0.15,Debit Card
304,TN-1304,2026-04-21 18:24:08.648648,Books,4,54.663110015747634,0.0,Debit Card
305,TN-1305,2026-04-22 03:08:49.729729,Apparel,3,21.66828966307784,0.0,Credit Card
306,TN-1306,2026-04-22 11:53:30.810810,Home & Kitchen,5,97.7320608803216,0.0,PayPal
307,TN-1307,2026-04-22 20:38:11.891891,Home & Kitchen,4,254.00950751964854,0.0,Credit Card
308,TN-1308,2026-04-23 05:22:52.972972,Electronics,2,93.28544148991003,0.0,Cash
309,TN-1309,2026-04-23 14:07:34.054054,Books,4,279.7699006421107,0.15,PayPal
310,TN-1310,2026-04-23 22:52:15.135135,Books,1,139.20553141048657,0.0,PayPal
311,TN-1311,2026-04-24 07:36:56.216216,Books,4,130.44091917668487,0.0,PayPal
312,TN-1312,2026-04-24 16:21:37.297297,Beauty,5,181.16052375365328,0.0,PayPal
313,TN-1313,2026-04-25 01:06:18.378378,Books,1,32.37782167240463,0.0,PayPal
314,TN-1314,2026-04-25 09:50:59.459459,Books,2,82.2589899126238,0.15,Debit Card
315,TN-1315,2026-04-25 18:35:40.540540,Beauty,4,179.3530927041826,0.15,Cash
316,TN-1316,2026-04-26 03:20:21.621621,Apparel,5,125.03101655670865,0.0,Credit Card
317,TN-1317,2026-04-26 12:05:02.702702,Books,5,187.9317914313936,0.0,Cash
318,TN-1318,2026-04-26 20:49:43.783783,Beauty,1,153.9211762812984,0.0,Cash
319,TN-1319,2026-04-27 05:34:24.864864,Books,4,173.97872730012222,0.0,Credit Card
320,TN-1320,2026-04-27 14:19:05.945945,Apparel,5,218.7805349127817,0.15,Credit Card
321,TN-1321,2026-04-27 23:03:47.027027,Books,3,52.06709944492464,0.0,Debit Card
322,TN-1322,2026-04-28 07:48:28.108108,Apparel,1,240.95086828300174,0.0,Cash
323,TN-1323,2026-04-28 16:33:09.189189,Electronics,4,49.94057760805922,0.15,Cash
324,TN-1324,2026-04-29 01:17:50.270270,Electronics,3,191.0545599517998,0.0,Credit Card
325,TN-1325,2026-04-29 10:02:31.351351,Books,4,142.94481641966436,0.0,Cash
326,TN-1326,2026-04-29 18:47:12.432432,Electronics,3,84.98051696198215,0.0,Credit Card
327,TN-1327,2026-04-30 03:31:53.513513,Books,3,90.08790231030378,0.0,Credit Card
328,TN-1328,2026-04-30 12:16:34.594594,Apparel,5,20.747359715048713,0.15,PayPal
329,TN-1329,2026-04-30 21:01:15.675675,Electronics,1,259.645553701213,0.0,Credit Card
330,TN-1330,2026-05-01 05:45:56.756756,Electronics,5,178.643612769632,0.15,PayPal
331,TN-1331,2026-05-01 14:30:37.837837,Books,3,233.18704834065048,0.0,Debit Card
332,TN-1332,2026-05-01 23:15:18.918918,Books,2,289.67093629079244,0.0,Cash
333,TN-1333,2026-05-02 08:00:00.000000,Electronics,4,131.58852918219668,0.15,PayPal
334,TN-1334,2026-05-02 16:44:41.081081,Electronics,4,77.26375486387425,0.0,PayPal
335,TN-1335,2026-05-03 01:29:22.162162,Electronics,2,256.2009332663353,0.0,Credit Card
336,TN-1336,2026-05-03 10:14:03.243243,Apparel,3,114.78492628499579,0.0,Cash
337,TN-1337,2026-05-03 18:58:44.324324,Electronics,5,196.13854799867187,0.0,Credit Card
338,TN-1338,2026-05-04 03:43:25.405405,Electronics,5,237.26074581986828,0.15,Cash
339,TN-1339,2026-05-04 12:28:06.486486,Apparel,2,138.8788715044018,0.0,Debit Card
340,TN-1340,2026-05-04 21:12:47.567567,Books,1,180.73598508522753,0.0,PayPal
341,TN-1341,2026-05-05 05:57:28.648648,Electronics,1,292.52301653428316,0.15,Credit Card
342,TN-1342,2026-05-05 14:42:09.729729,Apparel,1,49.741683040491054,0.0,Cash
343,TN-1343,2026-05-05 23:26:50.810810,Home & Kitchen,1,22.824950522119916,0.0,Debit Card
344,TN-1344,2026-05-06 08:11:31.891891,Beauty,5,249.85884425028988,0.0,Debit Card
345,TN-1345,2026-05-06 16:56:12.972972,Electronics,5,74.06214608625208,0.15,Cash
346,TN-1346,2026-05-07 01:40:54.054054,Books,3,230.9233646401753,0.0,Cash
347,TN-1347,2026-05-07 10:25:35.135135,Home & Kitchen,2,144.06887836839155,0.0,Debit Card
348,TN-1348,2026-05-07 19:10:16.216216,Electronics,4,193.3598414695786,0.0,Debit Card
349,TN-1349,2026-05-08 03:54:57.297297,Books,2,297.21807769936436,0.0,Cash
350,TN-1350,2026-05-08 12:39:38.378378,Beauty,3,36.36333812496531,0.0,Cash
351,TN-1351,2026-05-08 21:24:19.459459,Books,2,275.0115957721525,0.0,Cash
352,TN-1352,2026-05-09 06:09:00.540540,Books,3,251.66918831528304,0.15,Debit Card
353,TN-1353,2026-05-09 14:53:41.621621,Books,4,53.26353455568857,0.15,Debit Card
354,TN-1354,2026-05-09 23:38:22.702702,Apparel,2,200.4769392647258,0.15,Credit Card
355,TN-1355,2026-05-10 08:23:03.783783,Books,5,63.665962893868226,0.0,Credit Card
356,TN-1356,2026-05-10 17:07:44.864864,Home & Kitchen,3,31.56987441860421,0.15,PayPal
357,TN-1357,2026-05-11 01:52:25.945945,Books,2,168.7316024161392,0.15,Cash
358,TN-1358,2026-05-11 10:37:07.027027,Apparel,2,249.35840900099,0.15,Credit Card
359,TN-1359,2026-05-11 19:21:48.108108,Apparel,3,144.28190855564884,0.15,Debit Card
360,TN-1360,2026-05-12 04:06:29.189189,Electronics,1,240.41924613037952,0.15,Debit Card
361,TN-1361,2026-05-12 12:51:10.270270,Apparel,5,36.31634174544631,0.0,Debit Card
362,TN-1362,2026-05-12 21:35:51.351351,Apparel,2,171.94246699192075,0.15,PayPal
363,TN-1363,2026-05-13 06:20:32.432432,Electronics,5,21.719980324807214,0.0,Debit Card
364,TN-1364,2026-05-13 15:05:13.513513,Home & Kitchen,3,284.0509041999605,0.15,Credit Card
365,TN-1365,2026-05-13 23:49:54.594594,Apparel,1,153.50803053237456,0.0,Debit Card
366,TN-1366,2026-05-14 08:34:35.675675,Books,4,169.93338252233465,0.0,PayPal
367,TN-1367,2026-05-14 17:19:16.756756,Books,2,21.852690674105382,0.0,Cash
368,TN-1368,2026-05-15 02:03:57.837837,Apparel,1,220.9351855436053,0.0,Debit Card
369,TN-1369,2026-05-15 10:48:38.918918,Electronics,1,137.29477818589532,0.0,Credit Card
370,TN-1370,2026-05-15 19:33:20.000000,Apparel,2,262.6759517097711,0.0,Cash
371,TN-1371,2026-05-16 04:18:01.081081,Electronics,3,138.3122243805641,0.0,Cash
372,TN-1372,2026-05-16 13:02:42.162162,Electronics,5,237.56966717067678,0.0,Cash
373,TN-1373,2026-05-16 21:47:23.243243,Beauty,4,220.27061349542095,0.0,Credit Card
374,TN-1374,2026-05-17 06:32:04.324324,Beauty,5,151.0593034604334,0.15,PayPal
375,TN-1375,2026-05-17 15:16:45.405405,Books,5,104.24259245814137,0.0,Cash
376,TN-1376,2026-05-18 00:01:26.486486,Beauty,1,234.29357237950703,0.0,Cash
377,TN-1377,2026-05-18 08:46:07.567567,Beauty,2,150.72313086749907,0.15,PayPal
378,TN-1378,2026-05-18 17:30:48.648648,Electronics,3,195.6759676772645,0.0,Debit Card
379,TN-1379,2026-05-19 02:15:29.729729,Electronics,4,107.29401504450972,0.0,Credit Card
380,TN-1380,2026-05-19 11:00:10.810810,Books,1,102.06129688183188,0.15,Debit Card
381,TN-1381,2026-05-19 19:44:51.891891,Apparel,3,153.53227398271287,0.0,Debit Card
382,TN-1382,2026-05-20 04:29:32.972972,Apparel,2,55.413192917966825,0.15,Cash
383,TN-1383,2026-05-20 13:14:14.054054,Beauty,2,271.2291363550996,0.0,Credit Card
384,TN-1384,2026-05-20 21:58:55.135135,Books,4,188.73755208615754,0.0,Credit Card
385,TN-1385,2026-05-21 06:43:36.216216,Home & Kitchen,2,35.286302807094216,0.0,Cash
386,TN-1386,2026-05-21 15:28:17.297297,Books,2,43.9583201262615,0.15,Cash
387,TN-1387,2026-05-22 00:12:58.378378,Books,2,210.32374861396636,0.0,Credit Card
388,TN-1388,2026-05-22 08:57:39.459459,Beauty,2,185.04936798461557,0.0,Credit Card
389,TN-1389,2026-05-22 17:42:20.540540,Apparel,3,132.34720816495798,0.0,Debit Card
390,TN-1390,2026-05-23 02:27:01.621621,Books,4,280.99141422284856,0.0,Credit Card
391,TN-1391,2026-05-23 11:11:42.702702,Apparel,2,41.939953292078286,0.0,PayPal
392,TN-1392,2026-05-23 19:56:23.783783,Electronics,5,278.9590806882327,0.0,Credit Card
393,TN-1393,2026-05-24 04:41:04.864864,Home & Kitchen,5,280.50089046341935,0.0,Debit Card
394,TN-1394,2026-05-24 13:25:45.945945,Books,3,88.86054224529899,0.15,Credit Card
395,TN-1395,2026-05-24 22:10:27.027027,Beauty,3,34.808933097034874,0.15,Credit Card
396,TN-1396,2026-05-25 06:55:08.108108,Electronics,4,206.28265412838132,0.0,Credit Card
397,TN-1397,2026-05-25 15:39:49.189189,Beauty,4,145.88262981740934,0.0,Cash
398,TN-1398,2026-05-26 00:24:30.270270,Apparel,4,50.1119478310813,0.0,Debit Card
399,TN-1399,2026-05-26 09:09:11.351351,Books,3,292.0867775565133,0.0,PayPal
400,TN-1400,2026-05-26 17:53:52.432432,Books,4,60.162130289973305,0.0,Credit Card
401,TN-1401,2026-05-27 02:38:33.513513,Electronics,3,200.18793787261097,0.15,Credit Card
402,TN-1402,2026-05-27 11:23:14.594594,Books,1,21.752885459677007,0.0,Cash
403,TN-1403,2026-05-27 20:07:55.675675,Books,2,262.3907854831672,0.0,Credit Card
404,TN-1404,2026-05-28 04:52:36.756756,Apparel,3,199.36752416644504,0.0,Cash
405,TN-1405,2026-05-28 13:37:17.837837,Beauty,4,70.356577884498,0.15,PayPal
406,TN-1406,2026-05-28 22:21:58.918918,Electronics,4,15.672113167190478,0.0,Cash
407,TN-1407,2026-05-29 07:06:40.000000,Books,3,201.79019838124722,0.15,Cash
408,TN-1408,2026-05-29 15:51:21.081081,Books,5,12.622162295158638,0.0,Cash
409,TN-1409,2026-05-30 00:36:02.162162,Apparel,3,14.765956856558308,0.0,Debit Card
410,TN-1410,2026-05-30 09:20:43.243243,Books,5,159.72611767212854,0.0,Debit Card
411,TN-1411,2026-05-30 18:05:24.324324,Home & Kitchen,2,93.06525567058895,0.0,Debit Card
412,TN-1412,2026-05-31 02:50:05.405405,Home & Kitchen,2,285.49469576210527,0.15,PayPal
413,TN-1413,2026-05-31 11:34:46.486486,Books,5,77.03785590117495,0.0,Cash
414,TN-1414,2026-05-31 20:19:27.567567,Electronics,2,70.76981559369398,0.0,Credit Card
415,TN-1415,2026-06-01 05:04:08.648648,Books,1,244.96391744515776,0.0,Cash
416,TN-1416,2026-06-01 13:48:49.729729,Electronics,3,166.8962818561435,0.0,Cash
417,TN-1417,2026-06-01 22:33:30.810810,Electronics,2,119.28023009974925,0.0,PayPal
418,TN-1418,2026-06-02 07:18:11.891891,Books,4,247.65339839328547,0.0,Cash
419,TN-1419,2026-06-02 16:02:52.972972,Apparel,5,196.9467470015936,0.0,Cash
420,TN-1420,2026-06-03 00:47:34.054054,Books,4,252.8473559444489,0.15,Credit Card
421,TN-1421,2026-06-03 09:32:15.135135,Electronics,4,62.3521531139112,0.0,Credit Card
422,TN-1422,2026-06-03 18:16:56.216216,Books,5,40.790535170599696,0.15,Debit Card
423,TN-1423,2026-06-04 03:01:37.297297,Books,4,61.211436203083395,0.0,Debit Card
424,TN-1424,2026-06-04 11:46:18.378378,Electronics,5,12.146540755917258,0.0,Cash
425,TN-1425,2026-06-04 20:30:59.459459,Books,3,190.85882583741056,0.15,Cash
426,TN-1426,2026-06-05 05:15:40.540540,Apparel,2,125.46819340688582,0.0,Cash
427,TN-1427,2026-06-05 14:00:21.621621,Home & Kitchen,1,155.8258364374459,0.0,Cash
428,TN-1428,2026-06-05 22:45:02.702702,Beauty,2,206.46181031951656,0.15,Credit Card
429,TN-1429,2026-06-06 07:29:43.783783,Books,3,266.6321967683007,0.0,Credit Card
430,TN-1430,2026-06-06 16:14:24.864864,Books,1,173.0326193326282,0.0,Credit Card
431,TN-1431,2026-06-07 00:59:05.945945,Electronics,4,152.46402326945568,0.0,Credit Card
432,TN-1432,2026-06-07 09:43:47.027027,Books,4,243.11978819980982,0.15,Cash
433,TN-1433,2026-06-07 18:28:28.108108,Books,2,224.08407773675845,0.15,Cash
434,TN-1434,2026-06-08 03:13:09.189189,Beauty,1,182.9046171222386,0.0,Credit Card
435,TN-1435,2026-06-08 11:57:50.270270,Electronics,3,35.21963679847785,0.0,Debit Card
436,TN-1436,2026-06-08 20:42:31.351351,Apparel,1,150.39912989554884,0.0,PayPal
437,TN-1437,2026-06-09 05:27:12.432432,Beauty,3,193.58649316038654,0.0,Cash
438,TN-1438,2026-06-09 14:11:53.513513,Books,2,130.30843573971828,0.0,PayPal
439,TN-1439,2026-06-09 22:56:34.594594,Home & Kitchen,3,261.71327384005616,0.15,Debit Card
440,TN-1440,2026-06-10 07:41:15.675675,Apparel,5,125.04368243417383,0.0,Credit Card
441,TN-1441,2026-06-10 16:25:56.756756,Electronics,1,139.09789291544652,0.0,Cash
442,TN-1442,2026-06-11 01:10:37.837837,Apparel,1,264.1189795831574,0.0,PayPal
443,TN-1443,2026-06-11 09:55:18.918918,Books,1,215.49249361070974,0.0,PayPal
444,TN-1444,2026-06-11 18:40:00.000000,Electronics,5,95.69767603741649,0.0,PayPal
445,TN-1445,2026-06-12 03:24:41.081081,Home & Kitchen,3,265.65778744761633,0.0,Debit Card
446,TN-1446,2026-06-12 12:09:22.162162,Books,2,86.3625416424874,0.0,Credit Card
447,TN-1447,2026-06-12 20:54:03.243243,Electronics,2,191.4267267889724,0.0,Cash
448,TN-1448,2026-06-13 05:38:44.324324,Apparel,1,294.73586546530873,0.0,Debit Card
449,TN-1449,2026-06-13 14:23:25.405405,Apparel,1,185.9658499624561,0.0,Debit Card
450,TN-1450,2026-06-13 23:08:06.486486,Books,2,210.75336036969608,0.15,Cash
451,TN-1451,2026-06-14 07:52:47.567567,Books,4,226.83745819992114,0.0,PayPal
452,TN-1452,2026-06-14 16:37:28.648648,Books,3,22.164506710208528,0.0,Credit Card
453,TN-1453,2026-06-15 01:22:09.729729,Books,4,199.96310670862871,0.0,Debit Card
454,TN-1454,2026-06-15 10:06:50.810810,Apparel,4,189.36497231283414,0.0,Debit Card
455,TN-1455,2026-06-15 18:51:31.891891,Apparel,5,128.29771035499417,0.15,PayPal
456,TN-1456,2026-06-16 03:36:12.972972,Electronics,5,225.3392459291895,0.0,Debit Card
457,TN-1457,2026-06-16 12:20:54.054054,Apparel,2,191.92908564983077,0.0,Cash
458,TN-1458,2026-06-16 21:05:35.135135,Apparel,3,299.8730441381513,0.0,Cash
459,TN-1459,2026-06-17 05:50:16.216216,Electronics,5,147.17043386166637,0.0,Debit Card
460,TN-1460,2026-06-17 14:34:57.297297,Books,2,52.43282488086861,0.0,Cash
461,TN-1461,2026-06-17 23:19:38.378378,Books,2,90.25634530181127,0.15,Cash
462,TN-1462,2026-06-18 08:04:19.459459,Electronics,2,34.43129819343402,0.0,Cash
463,TN-1463,2026-06-18 16:49:00.540540,Books,1,189.18260711304993,0.0,Credit Card
464,TN-1464,2026-06-19 01:33:41.621621,Apparel,4,59.57362146463929,0.0,Cash
465,TN-1465,2026-06-19 10:18:22.702702,Books,5,111.02568854794134,0.15,Credit Card
466,TN-1466,2026-06-19 19:03:03.783783,Electronics,2,71.97745024111805,0.15,Cash
467,TN-1467,2026-06-20 03:47:44.864864,Electronics,3,43.839649854037305,0.0,Debit Card
468,TN-1468,2026-06-20 12:32:25.945945,Electronics,4,218.88251431286744,0.0,Cash
469,TN-1469,2026-06-20 21:17:07.027027,Apparel,2,217.1492594181288,0.15,Cash
470,TN-1470,2026-06-21 06:01:48.108108,Electronics,2,112.68004219634975,0.0,Credit Card
471,TN-1471,2026-06-21 14:46:29.189189,Books,4,246.16929460641094,0.0,Credit Card
472,TN-1472,2026-06-21 23:31:10.270270,Electronics,3,62.02892273933116,0.0,Debit Card
473,TN-1473,2026-06-22 08:15:51.351351,Beauty,2,152.04224069373464,0.15,Credit Card
474,TN-1474,2026-06-22 17:00:32.432432,Books,2,138.80153312904656,0.0,Cash
475,TN-1475,2026-06-23 01:45:13.513513,Books,3,278.9236527738465,0.0,Debit Card
476,TN-1476,2026-06-23 10:29:54.594594,Beauty,5,19.344282481727568,0.0,Cash
477,TN-1477,2026-06-23 19:14:35.675675,Electronics,3,201.55291997968325,0.0,Debit Card
478,TN-1478,2026-06-24 03:59:16.756756,Electronics,4,162.17041830673963,0.15,Debit Card
479,TN-1479,2026-06-24 12:43:57.837837,Beauty,4,250.07648069002448,0.0,Debit Card
480,TN-1480,2026-06-24 21:28:38.918918,Books,2,173.02309711740625,0.0,Credit Card
481,TN-1481,2026-06-25 06:13:20.000000,Beauty,3,82.61240702173605,0.0,Credit Card
482,TN-1482,2026-06-25 14:58:01.081081,Books,4,122.85986972048201,0.0,Cash
483,TN-1483,2026-06-25 23:42:42.162162,Apparel,5,43.508086063786195,0.0,Credit Card
484,TN-1484,2026-06-26 08:27:23.243243,Books,3,163.14696765367322,0.0,Cash
485,TN-1485,2026-06-26 17:12:04.324324,Beauty,3,260.18461472218473,0.0,Credit Card
486,TN-1486,2026-06-27 01:56:45.405405,Books,2,170.82177101838255,0.0,Cash
487,TN-1487,2026-06-27 10:41:26.486486,Home & Kitchen,5,18.780354542708317,0.0,Credit Card
488,TN-1488,2026-06-27 19:26:07.567567,Apparel,5,153.75327376811163,0.0,PayPal
489,TN-1489,2026-06-28 04:10:48.648648,Home & Kitchen,1,266.57239460633286,0.0,Credit Card
490,TN-1490,2026-06-28 12:55:29.729729,Books,4,96.28706704232548,0.0,Credit Card
491,TN-1491,2026-06-28 21:40:10.810810,Books,2,230.278596612803,0.0,PayPal
492,TN-1492,2026-06-29 06:24:51.891891,Books,1,86.59095257327598,0.0,PayPal
493,TN-1493,2026-06-29 15:09:32.972972,Apparel,3,182.45932238034854,0.15,Cash
494,TN-1494,2026-06-29 23:54:14.054054,Books,5,136.42023363819834,0.0,Cash
495,TN-1495,2026-06-30 08:38:55.135135,Books,4,166.48820540403145,0.15,Cash
496,TN-1496,2026-06-30 17:23:36.216216,Electronics,4,177.4272203673535,0.0,PayPal
497,TN-1497,2026-07-01 02:08:17.297297,Beauty,3,142.38987214196482,0.0,Credit Card
498,TN-1498,2026-07-01 10:52:58.378378,Home & Kitchen,4,222.79864657099367,0.0,Credit Card
499,TN-1499,2026-07-01 19:37:39.459459,Books,4,214.40423216075698,0.0,Cash
500,TN-1500,2026-07-02 04:22:20.540540,Books,1,226.18220092385016,0.0,Credit Card
501,TN-1501,2026-07-02 13:07:01.621621,Home & Kitchen,3,281.5675176071357,0.0,Cash
502,TN-1502,2026-07-02 21:51:42.702702,Beauty,5,83.93609349372173,0.0,Cash
503,TN-1503,2026-07-03 06:36:23.783783,Electronics,2,298.6493674187222,0.0,Credit Card
504,TN-1504,2026-07-03 15:21:04.864864,Electronics,3,180.79710690055865,0.0,Cash
505,TN-1505,2026-07-04 00:05:45.945945,Books,4,170.87155310825338,0.0,Credit Card
506,TN-1506,2026-07-04 08:50:27.027027,Apparel,3,139.7732352439594,0.15,Credit Card
507,TN-1507,2026-07-04 17:35:08.108108,Apparel,3,125.81973124999323,0.0,PayPal
508,TN-1508,2026-07-05 02:19:49.189189,Electronics,1,172.2925369081782,0.0,Credit Card
509,TN-1509,2026-07-05 11:04:30.270270,Electronics,2,244.16082876328664,0.0,PayPal
510,TN-1510,2026-07-05 19:49:11.351351,Apparel,2,15.300766629375218,0.15,Cash
511,TN-1511,2026-07-06 04:33:52.432432,Electronics,3,295.15717404867206,0.15,PayPal
512,TN-1512,2026-07-06 13:18:33.513513,Apparel,5,248.2758756742151,0.0,Cash
513,TN-1513,2026-07-06 22:03:14.594594,Beauty,3,37.81031808407934,0.0,Cash
514,TN-1514,2026-07-07 06:47:55.675675,Apparel,3,164.72257301490765,0.0,PayPal
515,TN-1515,2026-07-07 15:32:36.756756,Electronics,3,224.25023880685063,0.15,Credit Card
516,TN-1516,2026-07-08 00:17:17.837837,Home & Kitchen,2,109.80983229849913,0.15,Debit Card
517,TN-1517,2026-07-08 09:01:58.918918,Home & Kitchen,4,80.58744042887625,0.15,Cash
518,TN-1518,2026-07-08 17:46:40.000000,Electronics,5,213.79662445585157,0.0,Debit Card
519,TN-1519,2026-07-09 02:31:21.081081,Beauty,4,112.0889937430506,0.0,Debit Card
520,TN-1520,2026-07-09 11:16:02.162162,Electronics,5,275.78073492488676,0.0,Credit Card
521,TN-1521,2026-07-09 20:00:43.243243,Books,3,49.13614681816028,0.15,Credit Card
522,TN-1522,2026-07-10 04:45:24.324324,Home & Kitchen,5,72.66520267951861,0.0,PayPal
523,TN-1523,2026-07-10 13:30:05.405405,Electronics,4,277.32125235777386,0.0,Credit Card
524,TN-1524,2026-07-10 22:14:46.486486,Electronics,4,175.81198381257536,0.0,Credit Card
525,TN-1525,2026-07-11 06:59:27.567567,Electronics,5,286.5206545960313,0.0,Credit Card
526,TN-1526,2026-07-11 15:44:08.648648,Books,2,181.6102296417816,0.0,Credit Card
527,TN-1527,2026-07-12 00:28:49.729729,Beauty,2,253.02633158270496,0.15,Credit Card
528,TN-1528,2026-07-12 09:13:30.810810,Electronics,5,202.82089288628993,0.0,Cash
529,TN-1529,2026-07-12 17:58:11.891891,Books,4,176.13307855844465,0.0,Cash
530,TN-1530,2026-07-13 02:42:52.972972,Beauty,3,229.21069414404909,0.15,Cash
531,TN-1531,2026-07-13 11:27:34.054054,Books,2,138.64886375699717,0.0,Credit Card
532,TN-1532,2026-07-13 20:12:15.135135,Home & Kitchen,2,199.27674354208088,0.0,Cash
533,TN-1533,2026-07-14 04:56:56.216216,Beauty,4,177.3421431813963,0.15,Debit Card
534,TN-1534,2026-07-14 13:41:37.297297,Apparel,3,143.79768613959206,0.0,Debit Card
535,TN-1535,2026-07-14 22:26:18.378378,Apparel,5,175.93793832368047,0.0,Debit Card
536,TN-1536,2026-07-15 07:10:59.459459,Electronics,1,276.80255355973617,0.0,Cash
537,TN-1537,2026-07-15 15:55:40.540540,Apparel,1,177.842410563079,0.0,PayPal
538,TN-1538,2026-07-16 00:40:21.621621,Beauty,4,183.72365476392977,0.0,Cash
539,TN-1539,2026-07-16 09:25:02.702702,Electronics,3,66.02142124571165,0.0,PayPal
540,TN-1540,2026-07-16 18:09:43.783783,Apparel,4,39.14001690519564,0.15,Credit Card
541,TN-1541,2026-07-17 02:54:24.864864,Electronics,1,118.37542399725882,0.0,Credit Card
542,TN-1542,2026-07-17 11:39:05.945945,Home & Kitchen,5,194.36530325900907,0.0,Debit Card
543,TN-1543,2026-07-17 20:23:47.027027,Electronics,4,249.91825916531596,0.15,Credit Card
544,TN-1544,2026-07-18 05:08:28.108108,Electronics,2,13.999861473925638,0.0,Cash
545,TN-1545,2026-07-18 13:53:09.189189,Home & Kitchen,3,159.5331959043332,0.15,Cash
546,TN-1546,2026-07-18 22:37:50.270270,Electronics,4,208.15306569158471,0.0,Cash
547,TN-1547,2026-07-19 07:22:31.351351,Electronics,5,82.068904234884,0.0,Debit Card
548,TN-1548,2026-07-19 16:07:12.432432,Electronics,1,281.8436508046069,0.0,Debit Card
549,TN-1549,2026-07-20 00:51:53.513513,Electronics,2,257.289525670006,0.0,Cash
550,TN-1550,2026-07-20 09:36:34.594594,Apparel,2,245.11126464217682,0.0,Cash
551,TN-1551,2026-07-20 18:21:15.675675,Apparel,3,207.39154351067006,0.0,PayPal
552,TN-1552,2026-07-21 03:05:56.756756,Electronics,5,199.18305550951405,0.0,PayPal
553,TN-1553,2026-07-21 11:50:37.837837,Books,4,94.27215727246045,0.0,Cash
554,TN-1554,2026-07-21 20:35:18.918918,Electronics,3,58.708967169430494,0.0,Cash
555,TN-1555,2026-07-22 05:20:00.000000,Books,4,161.46890484089178,0.0,Cash
556,TN-1556,2026-07-22 14:04:41.081081,Electronics,4,121.08414884800045,0.15,Cash
557,TN-1557,2026-07-22 22:49:22.162162,Apparel,2,211.35758453888633,0.0,Debit Card
558,TN-1558,2026-07-23 07:34:03.243243,Electronics,4,167.6801322875771,0.0,PayPal
559,TN-1559,2026-07-23 16:18:44.324324,Electronics,4,110.9151440382852,0.0,Debit Card
560,TN-1560,2026-07-24 01:03:25.405405,Beauty,4,102.73564332664904,0.0,PayPal
561,TN-1561,2026-07-24 09:48:06.486486,Home & Kitchen,1,109.79348375177662,0.0,Credit Card
562,TN-1562,2026-07-24 18:32:47.567567,Electronics,2,17.289167915207184,0.0,PayPal
563,TN-1563,2026-07-25 03:17:28.648648,Books,1,279.32218687317834,0.0,PayPal
564,TN-1564,2026-07-25 12:02:09.729729,Electronics,4,268.7730270299949,0.0,Credit Card
565,TN-1565,2026-07-25 20:46:50.810810,Books,2,140.12901007259188,0.0,Credit Card
566,TN-1566,2026-07-26 05:31:31.891891,Books,5,240.6817529804916,0.15,Cash
567,TN-1567,2026-07-26 14:16:12.972972,Apparel,2,206.6287411981869,0.15,Debit Card
568,TN-1568,2026-07-26 23:00:54.054054,Beauty,4,222.28002625034506,0.0,Cash
569,TN-1569,2026-07-27 07:45:35.135135,Apparel,1,245.81016677179917,0.0,Cash
570,TN-1570,2026-07-27 16:30:16.216216,Beauty,5,206.9302900274959,0.0,Cash
571,TN-1571,2026-07-28 01:14:57.297297,Electronics,3,116.1076461236446,0.15,Credit Card
572,TN-1572,2026-07-28 09:59:38.378378,Home & Kitchen,4,177.89259387638404,0.15,Credit Card
573,TN-1573,2026-07-28 18:44:19.459459,Books,2,205.40575093551976,0.0,Credit Card
574,TN-1574,2026-07-29 03:29:00.540540,Home & Kitchen,1,169.78354932989433,0.0,Credit Card
575,TN-1575,2026-07-29 12:13:41.621621,Electronics,5,257.372386335747,0.0,Cash
576,TN-1576,2026-07-29 20:58:22.702702,Home & Kitchen,3,41.377806650492914,0.0,Credit Card
577,TN-1577,2026-07-30 05:43:03.783783,Books,4,271.7529801161825,0.0,Cash
578,TN-1578,2026-07-30 14:27:44.864864,Electronics,5,28.010372536977147,0.0,Cash
579,TN-1579,2026-07-30 23:12:25.945945,Books,4,132.14490477237072,0.0,Cash
580,TN-1580,2026-07-31 07:57:07.027027,Books,4,183.74745530433395,0.0,Cash
581,TN-1581,2026-07-31 16:41:48.108108,Beauty,5,127.22395195993876,0.0,Credit Card
582,TN-1582,2026-08-01 01:26:29.189189,Electronics,2,275.2924934949894,0.15,Credit Card
583,TN-1583,2026-08-01 10:11:10.270270,Apparel,3,132.8289643397386,0.0,Credit Card
584,TN-1584,2026-08-01 18:55:51.351351,Electronics,1,71.72669417073853,0.0,Cash
585,TN-1585,2026-08-02 03:40:32.432432,Apparel,3,12.201865360967481,0.15,Credit Card
586,TN-1586,2026-08-02 12:25:13.513513,Electronics,5,184.08356676431166,0.0,Cash
587,TN-1587,2026-08-02 21:09:54.594594,Beauty,4,261.2603492898997,0.15,Debit Card
588,TN-1588,2026-08-03 05:54:35.675675,Books,2,231.15907644375375,0.0,Debit Card
589,TN-1589,2026-08-03 14:39:16.756756,Books,4,151.87371696237605,0.0,PayPal
590,TN-1590,2026-08-03 23:23:57.837837,Books,4,225.6392010907728,0.0,Credit Card
591,TN-1591,2026-08-04 08:08:38.918918,Beauty,5,101.61230836562373,0.15,Credit Card
592,TN-1592,2026-08-04 16:53:20.000000,Beauty,4,98.15696051488575,0.15,Cash
593,TN-1593,2026-08-05 01:38:01.081081,Beauty,5,193.77413110204623,0.0,Cash
594,TN-1594,2026-08-05 10:22:42.162162,Electronics,4,54.35973252307785,0.0,Credit Card
595,TN-1595,2026-08-05 19:07:23.243243,Apparel,1,254.34544839955066,0.15,Debit Card
596,TN-1596,2026-08-06 03:52:04.324324,Apparel,1,12.533482181864795,0.0,Cash
597,TN-1597,2026-08-06 12:36:45.405405,Electronics,4,44.10868059400629,0.0,Credit Card
598,TN-1598,2026-08-06 21:21:26.486486,Books,3,271.02921328937356,0.0,Credit Card
599,TN-1599,2026-08-07 06:06:07.567567,Beauty,4,169.18337488604166,0.0,Debit Card
600,TN-1600,2026-08-07 14:50:48.648648,Apparel,3,84.56675837679141,0.0,Cash
601,TN-1601,2026-08-07 23:35:29.729729,Apparel,4,178.94999789509365,0.0,Cash
602,TN-1602,2026-08-08 08:20:10.810810,Electronics,4,125.82077988141022,0.0,Cash
603,TN-1603,2026-08-08 17:04:51.891891,Beauty,4,106.49166309967455,0.0,PayPal
604,TN-1604,2026-08-09 01:49:32.972972,Home & Kitchen,4,81.57695550645617,0.0,Cash
605,TN-1605,2026-08-09 10:34:14.054054,Books,1,60.919697838270324,0.0,Cash
606,TN-1606,2026-08-09 19:18:55.135135,Electronics,4,174.0040078624892,0.0,Credit Card
607,TN-1607,2026-08-10 04:03:36.216216,Books,2,289.7657151105552,0.15,Debit Card
608,TN-1608,2026-08-10 12:48:17.297297,Beauty,2,135.50282746175645,0.0,Credit Card
609,TN-1609,2026-08-10 21:32:58.378378,Books,1,297.34754894988396,0.0,Credit Card
610,TN-1610,2026-08-11 06:17:39.459459,Apparel,5,114.34632747714868,0.0,PayPal
611,TN-1611,2026-08-11 15:02:20.540540,Apparel,5,41.025541866837145,0.0,Cash
612,TN-1612,2026-08-11 23:47:01.621621,Apparel,1,119.76065972376128,0.0,PayPal
613,TN-1613,2026-08-12 08:31:42.702702,Home & Kitchen,2,29.76273735688375,0.15,Debit Card
614,TN-1614,2026-08-12 17:16:23.783783,Electronics,4,17.3115445991584,0.0,PayPal
615,TN-1615,2026-08-13 02:01:04.864864,Beauty,3,30.244764814601954,0.0,Credit Card
616,TN-1616,2026-08-13 10:45:45.945945,Electronics,2,74.80143248042752,0.0,PayPal
617,TN-1617,2026-08-13 19:30:27.027027,Apparel,2,174.4190631573782,0.0,Cash
618,TN-1618,2026-08-14 04:15:08.108108,Electronics,5,255.0224519295341,0.0,Credit Card
619,TN-1619,2026-08-14 12:59:49.189189,Home & Kitchen,4,110.35431794770342,0.0,Debit Card
620,TN-1620,2026-08-14 21:44:30.270270,Apparel,3,162.61709392161566,0.0,PayPal
621,TN-1621,2026-08-15 06:29:11.351351,Electronics,1,262.4770229014807,0.0,Credit Card
622,TN-1622,2026-08-15 15:13:52.432432,Electronics,4,134.89656194842314,0.0,PayPal
623,TN-1623,2026-08-15 23:58:33.513513,Apparel,4,283.1678179076308,0.0,PayPal
624,TN-1624,2026-08-16 08:43:14.594594,Books,4,54.508652465950334,0.0,Cash
625,TN-1625,2026-08-16 17:27:55.675675,Apparel,1,31.080660095153107,0.0,Cash
626,TN-1626,2026-08-17 02:12:36.756756,Electronics,4,104.33133401771784,0.0,PayPal
627,TN-1627,2026-08-17 10:57:17.837837,Books,3,190.91872895811338,0.0,PayPal
628,TN-1628,2026-08-17 19:41:58.918918,Electronics,5,101.73752420145068,0.0,Cash
629,TN-1629,2026-08-18 04:26:40.000000,Beauty,4,108.85108912388118,0.0,Credit Card
630,TN-1630,2026-08-18 13:11:21.081081,Books,1,169.02224125495513,0.0,Cash
631,TN-1631,2026-08-18 21:56:02.162162,Beauty,4,149.44192939318458,0.0,Cash
632,TN-1632,2026-08-19 06:40:43.243243,Electronics,2,114.62579948375793,0.0,Debit Card
633,TN-1633,2026-08-19 15:25:24.324324,Books,4,78.21075702372104,0.0,PayPal
634,TN-1634,2026-08-20 00:10:05.405405,Electronics,5,30.974303060156412,0.0,PayPal
635,TN-1635,2026-08-20 08:54:46.486486,Beauty,1,144.83772998547386,0.15,Debit Card
636,TN-1636,2026-08-20 17:39:27.567567,Beauty,4,187.95270462869,0.0,Credit Card
637,TN-1637,2026-08-21 02:24:08.648648,Electronics,4,166.9126531217137,0.15,Debit Card
638,TN-1638,2026-08-21 11:08:49.729729,Books,2,104.74747899948872,0.0,Debit Card
639,TN-1639,2026-08-21 19:53:30.810810,Apparel,4,223.6815848260919,0.0,Debit Card
640,TN-1640,2026-08-22 04:38:11.891891,Electronics,1,55.29098214988797,0.0,Credit Card
641,TN-1641,2026-08-22 13:22:52.972972,Home & Kitchen,1,88.6958731349936,0.0,PayPal
642,TN-1642,2026-08-22 22:07:34.054054,Electronics,4,272.1268371179547,0.15,Credit Card
643,TN-1643,2026-08-23 06:52:15.135135,Books,4,142.0802581775539,0.0,Cash
644,TN-1644,2026-08-23 15:36:56.216216,Beauty,2,273.40720355888453,0.0,PayPal
645,TN-1645,2026-08-24 00:21:37.297297,Electronics,1,137.02102597596516,0.15,PayPal
646,TN-1646,2026-08-24 09:06:18.378378,Books,1,38.14706178192718,0.0,Debit Card
647,TN-1647,2026-08-24 17:50:59.459459,Books,4,67.58100236350339,0.0,PayPal
648,TN-1648,2026-08-25 02:35:40.540540,Beauty,5,286.67439636276924,0.0,PayPal
649,TN-1649,2026-08-25 11:20:21.621621,Electronics,1,299.7805183088893,0.15,Credit Card
650,TN-1650,2026-08-25 20:05:02.702702,Books,1,237.26640373038757,0.15,Debit Card
651,TN-1651,2026-08-26 04:49:43.783783,Books,4,88.58329013591371,0.0,Credit Card
652,TN-1652,2026-08-26 13:34:24.864864,Apparel,4,164.38835150210227,0.0,Cash
653,TN-1653,2026-08-26 22:19:05.945945,Electronics,5,269.05203640572853,0.0,Credit Card
654,TN-1654,2026-08-27 07:03:47.027027,Apparel,5,29.40800023647093,0.0,Debit Card
655,TN-1655,2026-08-27 15:48:28.108108,Books,1,234.80003868285567,0.15,Cash
656,TN-1656,2026-08-28 00:33:09.189189,Electronics,4,107.75916401479543,0.0,Credit Card
657,TN-1657,2026-08-28 09:17:50.270270,Electronics,2,226.9306601180081,0.15,Debit Card
658,TN-1658,2026-08-28 18:02:31.351351,Books,3,129.96929667698635,0.0,Cash
659,TN-1659,2026-08-29 02:47:12.432432,Electronics,5,93.43136028557939,0.0,Cash
660,TN-1660,2026-08-29 11:31:53.513513,Home & Kitchen,3,263.59321418698363,0.0,Credit Card
661,TN-1661,2026-08-29 20:16:34.594594,Beauty,5,226.49960957903568,0.0,PayPal
662,TN-1662,2026-08-30 05:01:15.675675,Electronics,2,267.8880222561759,0.15,Debit Card
663,TN-1663,2026-08-30 13:45:56.756756,Apparel,4,67.60394277846115,0.15,Cash
664,TN-1664,2026-08-30 22:30:37.837837,Books,3,81.89596321932137,0.0,Debit Card
665,TN-1665,2026-08-31 07:15:18.918918,Books,3,66.8056748328953,0.0,PayPal
666,TN-1666,2026-08-31 16:00:00.000000,Books,4,94.07321662634766,0.0,PayPal
667,TN-1667,2026-09-01 00:44:41.081081,Beauty,2,24.67460589541121,0.0,Credit Card
668,TN-1668,2026-09-01 09:29:22.162162,Electronics,1,12.244683485571628,0.0,Cash
669,TN-1669,2026-09-01 18:14:03.243243,Books,4,31.66619194078606,0.0,Cash
670,TN-1670,2026-09-02 02:58:44.324324,Books,3,281.6979511497395,0.15,Credit Card
671,TN-1671,2026-09-02 11:43:25.405405,Beauty,5,280.4057910716159,0.15,Cash
672,TN-1672,2026-09-02 20:28:06.486486,Electronics,1,151.63255784416793,0.15,Credit Card
673,TN-1673,2026-09-03 05:12:47.567567,Books,5,83.39573368247454,0.15,Cash
674,TN-1674,2026-09-03 13:57:28.648648,Electronics,3,147.7712118355406,0.0,PayPal
675,TN-1675,2026-09-03 22:42:09.729729,Apparel,3,124.02085523248019,0.0,Credit Card
676,TN-1676,2026-09-04 07:26:50.810810,Electronics,2,226.42179142802576,0.15,PayPal
677,TN-1677,2026-09-04 16:11:31.891891,Beauty,2,51.556348096493,0.0,Credit Card
678,TN-1678,2026-09-05 00:56:12.972972,Home & Kitchen,3,52.764569911505035,0.0,Debit Card
679,TN-1679,2026-09-05 09:40:54.054054,Electronics,4,115.05694717560314,0.0,Credit Card
680,TN-1680,2026-09-05 18:25:35.135135,Electronics,2,167.80992785628288,0.0,PayPal
681,TN-1681,2026-09-06 03:10:16.216216,Apparel,1,105.69403937198935,0.0,PayPal
682,TN-1682,2026-09-06 11:54:57.297297,Beauty,3,149.2826045966098,0.15,Credit Card
683,TN-1683,2026-09-06 20:39:38.378378,Electronics,4,136.54116416112737,0.15,Debit Card
684,TN-1684,2026-09-07 05:24:19.459459,Electronics,4,217.16269787997538,0.0,Cash
685,TN-1685,2026-09-07 14:09:00.540540,Electronics,4,208.6568821468592,0.0,Cash
686,TN-1686,2026-09-07 22:53:41.621621,Books,5,269.2404677457777,0.0,Debit Card
687,TN-1687,2026-09-08 07:38:22.702702,Electronics,4,165.77113000188976,0.0,Credit Card
688,TN-1688,2026-09-08 16:23:03.783783,Books,3,123.20765192750858,0.0,PayPal
689,TN-1689,2026-09-09 01:07:44.864864,Books,4,162.74097281598011,0.0,Credit Card
690,TN-1690,2026-09-09 09:52:25.945945,Books,1,266.22921510248204,0.15,Credit Card
691,TN-1691,2026-09-09 18:37:07.027027,Apparel,5,292.30437618691946,0.0,PayPal
692,TN-1692,2026-09-10 03:21:48.108108,Apparel,5,167.27903029511162,0.0,Credit Card
693,TN-1693,2026-09-10 12:06:29.189189,Books,5,196.80678492209637,0.0,Credit Card
694,TN-1694,2026-09-10 20:51:10.270270,Electronics,5,287.75857360131914,0.0,Cash
695,TN-1695,2026-09-11 05:35:51.351351,Books,5,43.107925241834664,0.0,Cash
696,TN-1696,2026-09-11 14:20:32.432432,Books,2,100.41387613333825,0.15,Credit Card
697,TN-1697,2026-09-11 23:05:13.513513,Apparel,2,298.13532942413684,0.0,Cash
698,TN-1698,2026-09-12 07:49:54.594594,Electronics,4,88.67103856060174,0.0,Cash
699,TN-1699,2026-09-12 16:34:35.675675,Books,5,296.4464472592582,0.0,Debit Card
700,TN-1700,2026-09-13 01:19:16.756756,Apparel,2,116.47867427228314,0.15,Cash
701,TN-1701,2026-09-13 10:03:57.837837,Home & Kitchen,4,244.30708928530586,0.0,Debit Card
702,TN-1702,2026-09-13 18:48:38.918918,Electronics,3,121.63891239204642,0.0,Cash
703,TN-1703,2026-09-14 03:33:20.000000,Electronics,3,223.8849223333044,0.15,Debit Card
704,TN-1704,2026-09-14 12:18:01.081081,Home & Kitchen,5,286.1522719255049,0.15,PayPal
705,TN-1705,2026-09-14 21:02:42.162162,Electronics,2,266.3554933694668,0.0,Cash
706,TN-1706,2026-09-15 05:47:23.243243,Home & Kitchen,3,79.32847893204988,0.0,PayPal
707,TN-1707,2026-09-15 14:32:04.324324,Books,3,155.78683732122118,0.0,PayPal
708,TN-1708,2026-09-15 23:16:45.405405,Electronics,4,181.28335581786544,0.0,Cash
709,TN-1709,2026-09-16 08:01:26.486486,Books,3,150.16563473140369,0.0,Cash
710,TN-1710,2026-09-16 16:46:07.567567,Books,3,91.18498934834555,0.0,Cash
711,TN-1711,2026-09-17 01:30:48.648648,Beauty,2,12.524700971648514,0.0,Cash
712,TN-1712,2026-09-17 10:15:29.729729,Beauty,1,103.82258397584516,0.0,Credit Card
713,TN-1713,2026-09-17 19:00:10.810810,Apparel,4,229.01064931521142,0.0,Credit Card
714,TN-1714,2026-09-18 03:44:51.891891,Electronics,5,174.82266326268135,0.0,Cash
715,TN-1715,2026-09-18 12:29:32.972972,Apparel,2,140.47042525264357,0.15,Credit Card
716,TN-1716,2026-09-18 21:14:14.054054,Books,4,195.36795503756315,0.0,Credit Card
717,TN-1717,2026-09-19 05:58:55.135135,Apparel,2,18.951348187367792,0.0,Cash
718,TN-1718,2026-09-19 14:43:36.216216,Books,1,95.89111270087314,0.0,PayPal
719,TN-1719,2026-09-19 23:28:17.297297,Books,1,273.051205256393,0.0,Cash
720,TN-1720,2026-09-20 08:12:58.378378,Apparel,5,161.10183405701332,0.0,Debit Card
721,TN-1721,2026-09-20 16:57:39.459459,Home & Kitchen,5,33.89689069898009,0.0,Debit Card
722,TN-1722,2026-09-21 01:42:20.540540,Electronics,2,149.67550486699986,0.0,Cash
723,TN-1723,2026-09-21 10:27:01.621621,Electronics,4,176.98923210740085,0.0,PayPal
724,TN-1724,2026-09-21 19:11:42.702702,Books,5,104.42356014409728,0.0,PayPal
725,TN-1725,2026-09-22 03:56:23.783783,Electronics,5,182.00187927342566,0.0,Debit Card
726,TN-1726,2026-09-22 12:41:04.864864,Beauty,2,108.86073622165688,0.0,Credit Card
727,TN-1727,2026-09-22 21:25:45.945945,Apparel,4,221.37588853133516,0.0,Cash
728,TN-1728,2026-09-23 06:10:27.027027,Home & Kitchen,2,187.57274080581567,0.0,PayPal
729,TN-1729,2026-09-23 14:55:08.108108,Apparel,2,45.37033887685369,0.0,Cash
730,TN-1730,2026-09-23 23:39:49.189189,Books,5,130.68732261136492,0.0,Debit Card
731,TN-1731,2026-09-24 08:24:30.270270,Books,2,46.84847653948582,0.0,PayPal
732,TN-1732,2026-09-24 17:09:11.351351,Books,3,297.5197358556187,0.0,Debit Card
733,TN-1733,2026-09-25 01:53:52.432432,Electronics,2,69.82194314097313,0.0,PayPal
734,TN-1734,2026-09-25 10:38:33.513513,Apparel,4,194.32053945049918,0.15,Cash
735,TN-1735,2026-09-25 19:23:14.594594,Apparel,4,138.5401232547671,0.15,Cash
736,TN-1736,2026-09-26 04:07:55.675675,Home & Kitchen,2,32.22662672512348,0.0,Credit Card
737,TN-1737,2026-09-26 12:52:36.756756,Books,2,53.779609744214305,0.0,Credit Card
738,TN-1738,2026-09-26 21:37:17.837837,Beauty,1,128.02451184111987,0.15,Credit Card
739,TN-1739,2026-09-27 06:21:58.918918,Home & Kitchen,3,258.7914604141479,0.0,Credit Card
740,TN-1740,2026-09-27 15:06:40.000000,Electronics,4,267.0249796319721,0.15,Credit Card
741,TN-1741,2026-09-27 23:51:21.081081,Electronics,4,173.02258923599157,0.0,Cash
742,TN-1742,2026-09-28 08:36:02.162162,Beauty,1,288.60225753179765,0.0,Cash
743,TN-1743,2026-09-28 17:20:43.243243,Books,1,81.46519160124943,0.0,Credit Card
744,TN-1744,2026-09-29 02:05:24.324324,Apparel,1,107.83293600747939,0.0,Credit Card
745,TN-1745,2026-09-29 10:50:05.405405,Electronics,1,209.7423874140043,0.0,Credit Card
746,TN-1746,2026-09-29 19:34:46.486486,Home & Kitchen,2,144.06947369066444,0.0,Debit Card
747,TN-1747,2026-09-30 04:19:27.567567,Books,3,264.90628650202893,0.0,Debit Card
748,TN-1748,2026-09-30 13:04:08.648648,Home & Kitchen,2,274.54120867214135,0.0,Cash
749,TN-1749,2026-09-30 21:48:49.729729,Books,2,100.18794800925913,0.15,Cash
750,TN-1750,2026-10-01 06:33:30.810810,Home & Kitchen,4,167.65428305800737,0.0,Cash
751,TN-1751,2026-10-01 15:18:11.891891,Books,3,154.03237092680854,0.0,Credit Card
752,TN-1752,2026-10-02 00:02:52.972972,Electronics,3,246.41234212749794,0.0,PayPal
753,TN-1753,2026-10-02 08:47:34.054054,Books,4,23.864416247972468,0.0,Credit Card
754,TN-1754,2026-10-02 17:32:15.135135,Apparel,4,276.586748261416,0.15,Debit Card
755,TN-1755,2026-10-03 02:16:56.216216,Beauty,4,244.14268498294123,0.0,PayPal
756,TN-1756,2026-10-03 11:01:37.297297,Electronics,5,105.07664346426124,0.15,PayPal
757,TN-1757,2026-10-03 19:46:18.378378,Electronics,1,16.49548562238424,0.0,Debit Card
758,TN-1758,2026-10-04 04:30:59.459459,Electronics,5,212.85097994385796,0.0,Credit Card
759,TN-1759,2026-10-04 13:15:40.540540,Books,2,56.90647064918403,0.15,Cash
760,TN-1760,2026-10-04 22:00:21.621621,Electronics,3,20.202539193553342,0.15,Credit Card
761,TN-1761,2026-10-05 06:45:02.702702,Apparel,4,183.44366032015878,0.0,Debit Card
762,TN-1762,2026-10-05 15:29:43.783783,Electronics,1,204.50856500302356,0.15,Credit Card
763,TN-1763,2026-10-06 00:14:24.864864,Books,3,274.00319079136995,0.15,Debit Card
764,TN-1764,2026-10-06 08:59:05.945945,Electronics,3,18.549931228867212,0.0,PayPal
765,TN-1765,2026-10-06 17:43:47.027027,Books,5,216.43300231762143,0.0,Cash
766,TN-1766,2026-10-07 02:28:28.108108,Home & Kitchen,4,12.728917975267997,0.0,Cash
767,TN-1767,2026-10-07 11:13:09.189189,Books,5,122.80620174752418,0.0,Credit Card
768,TN-1768,2026-10-07 19:57:50.270270,Electronics,3,244.01532551797885,0.0,Cash
769,TN-1769,2026-10-08 04:42:31.351351,Books,2,91.75723010175749,0.15,PayPal
770,TN-1770,2026-10-08 13:27:12.432432,Apparel,4,198.1010854566093,0.15,Debit Card
771,TN-1771,2026-10-08 22:11:53.513513,Home & Kitchen,4,278.4629084745323,0.15,PayPal
772,TN-1772,2026-10-09 06:56:34.594594,Home & Kitchen,1,27.32235900668132,0.0,Cash
773,TN-1773,2026-10-09 15:41:15.675675,Books,5,153.31084398835867,0.0,PayPal
774,TN-1774,2026-10-10 00:25:56.756756,Apparel,5,142.7839976705519,0.0,Cash
775,TN-1775,2026-10-10 09:10:37.837837,Home & Kitchen,2,259.0985275800733,0.15,PayPal
776,TN-1776,2026-10-10 17:55:18.918918,Electronics,1,289.8894013691625,0.0,Debit Card
777,TN-1777,2026-10-11 02:40:00.000000,Apparel,5,288.59284809711653,0.0,PayPal
778,TN-1778,2026-10-11 11:24:41.081081,Beauty,3,23.30199969711373,0.0,Credit Card
779,TN-1779,2026-10-11 20:09:22.162162,Electronics,1,79.83046499071737,0.0,PayPal
780,TN-1780,2026-10-12 04:54:03.243243,Electronics,3,240.22571901706726,0.15,Cash
781,TN-1781,2026-10-12 13:38:44.324324,Electronics,4,17.63320258021269,0.0,Credit Card
782,TN-1782,2026-10-12 22:23:25.405405,Apparel,2,40.46195991540735,0.0,Credit Card
783,TN-1783,2026-10-13 07:08:06.486486,Apparel,3,29.430456782558345,0.0,Cash
784,TN-1784,2026-10-13 15:52:47.567567,Books,3,77.45967951517355,0.0,PayPal
785,TN-1785,2026-10-14 00:37:28.648648,Books,5,127.24435753014434,0.0,Credit Card
786,TN-1786,2026-10-14 09:22:09.729729,Beauty,2,65.53475658038879,0.0,Debit Card
787,TN-1787,2026-10-14 18:06:50.810810,Electronics,5,45.28422402016845,0.15,Cash
788,TN-1788,2026-10-15 02:51:31.891891,Books,1,280.19532776609213,0.15,Cash
789,TN-1789,2026-10-15 11:36:12.972972,Apparel,2,283.80606880160445,0.0,Cash
790,TN-1790,2026-10-15 20:20:54.054054,Beauty,2,55.001770743222366,0.15,PayPal
791,TN-1791,2026-10-16 05:05:35.135135,Electronics,1,88.33666465775576,0.0,Cash
792,TN-1792,2026-10-16 13:50:16.216216,Books,1,208.72937599256954,0.15,Cash
793,TN-1793,2026-10-16 22:34:57.297297,Electronics,2,88.43595759079808,0.0,Credit Card
794,TN-1794,2026-10-17 07:19:38.378378,Beauty,2,70.04974300585847,0.0,Cash
795,TN-1795,2026-10-17 16:04:19.459459,Books,4,249.05248020573734,0.0,PayPal
796,TN-1796,2026-10-18 00:49:00.540540,Electronics,3,200.12116147155118,0.0,Credit Card
797,TN-1797,2026-10-18 09:33:41.621621,Books,4,210.66113000615286,0.0,Cash
798,TN-1798,2026-10-18 18:18:22.702702,Books,5,180.46619451077308,0.0,Credit Card
799,TN-1799,2026-10-19 03:03:03.783783,Apparel,5,33.865049905654246,0.0,Cash
800,TN-1800,2026-10-19 11:47:44.864864,Books,2,64.08211005614967,0.0,Credit Card
801,TN-1801,2026-10-19 20:32:25.945945,Electronics,2,25.052522936607975,0.0,Credit Card
802,TN-1802,2026-10-20 05:17:07.027027,Electronics,5,47.85541279543706,0.0,Cash
803,TN-1803,2026-10-20 14:01:48.108108,Apparel,5,97.84977721048153,0.0,Debit Card
804,TN-1804,2026-10-20 22:46:29.189189,Electronics,3,258.6467994771137,0.0,PayPal
805,TN-1805,2026-10-21 07:31:10.270270,Books,2,236.66191841632707,0.15,PayPal
806,TN-1806,2026-10-21 16:15:51.351351,Apparel,1,40.0162567765142,0.0,PayPal
807,TN-1807,2026-10-22 01:00:32.432432,Home & Kitchen,2,237.37286150902256,0.15,Credit Card
808,TN-1808,2026-10-22 09:45:13.513513,Apparel,4,291.54589475983977,0.0,Debit Card
809,TN-1809,2026-10-22 18:29:54.594594,Electronics,1,92.40453711857825,0.0,Cash
810,TN-1810,2026-10-23 03:14:35.675675,Books,4,65.74949252464225,0.0,Cash
811,TN-1811,2026-10-23 11:59:16.756756,Home & Kitchen,5,291.8938731676096,0.15,Credit Card
812,TN-1812,2026-10-23 20:43:57.837837,Home & Kitchen,2,231.28147946477662,0.0,Debit Card
813,TN-1813,2026-10-24 05:28:38.918918,Electronics,1,52.80345399979761,0.0,Cash
814,TN-1814,2026-10-24 14:13:20.000000,Electronics,3,133.2087435934792,0.15,Debit Card
815,TN-1815,2026-10-24 22:58:01.081081,Electronics,1,273.59198737514475,0.0,Credit Card
816,TN-1816,2026-10-25 07:42:42.162162,Books,2,255.26957165730522,0.0,Credit Card
817,TN-1817,2026-10-25 16:27:23.243243,Electronics,3,142.12023255138956,0.0,Credit Card
818,TN-1818,2026-10-26 01:12:04.324324,Books,3,296.60854538318085,0.0,Credit Card
819,TN-1819,2026-10-26 09:56:45.405405,Home & Kitchen,5,225.2599017400937,0.15,Credit Card
820,TN-1820,2026-10-26 18:41:26.486486,Books,1,245.99641597124028,0.0,Debit Card
821,TN-1821,2026-10-27 03:26:07.567567,Beauty,5,266.82113802107665,0.0,Cash
822,TN-1822,2026-10-27 12:10:48.648648,Books,3,295.47227383549927,0.0,Credit Card
823,TN-1823,2026-10-27 20:55:29.729729,Books,5,109.80552648658507,0.0,PayPal
824,TN-1824,2026-10-28 05:40:10.810810,Beauty,3,179.34896851212847,0.0,Credit Card
825,TN-1825,2026-10-28 14:24:51.891891,Beauty,3,63.48207939072644,0.15,Cash
826,TN-1826,2026-10-28 23:09:32.972972,Home & Kitchen,4,209.3449405752326,0.0,Credit Card
827,TN-1827,2026-10-29 07:54:14.054054,Electronics,3,34.59952897545665,0.0,Credit Card
828,TN-1828,2026-10-29 16:38:55.135135,Apparel,4,79.19642861242625,0.0,Cash
829,TN-1829,2026-10-30 01:23:36.216216,Electronics,5,148.43539173614113,0.15,Credit Card
830,TN-1830,2026-10-30 10:08:17.297297,Apparel,5,46.51336768810255,0.15,PayPal
831,TN-1831,2026-10-30 18:52:58.378378,Books,2,202.90403781084805,0.0,Cash
832,TN-1832,2026-10-31 03:37:39.459459,Electronics,3,59.871019071204415,0.0,PayPal
833,TN-1833,2026-10-31 12:22:20.540540,Apparel,3,91.24971609694525,0.0,PayPal
834,TN-1834,2026-10-31 21:07:01.621621,Electronics,1,36.00810618240226,0.15,Credit Card
835,TN-1835,2026-11-01 05:51:42.702702,Electronics,1,288.93509294781956,0.0,Credit Card
836,TN-1836,2026-11-01 14:36:23.783783,Apparel,1,50.42413346300167,0.0,Credit Card
837,TN-1837,2026-11-01 23:21:04.864864,Books,2,37.02298100961267,0.0,PayPal
838,TN-1838,2026-11-02 08:05:45.945945,Books,4,74.27519858802171,0.0,Credit Card
839,TN-1839,2026-11-02 16:50:27.027027,Home & Kitchen,4,119.58307418410942,0.0,PayPal
840,TN-1840,2026-11-03 01:35:08.108108,Apparel,5,161.08231854085767,0.0,Cash
841,TN-1841,2026-11-03 10:19:49.189189,Apparel,3,280.88725984904323,0.0,Credit Card
842,TN-1842,2026-11-03 19:04:30.270270,Books,5,174.30957371930367,0.0,PayPal
843,TN-1843,2026-11-04 03:49:11.351351,Apparel,2,187.83647271688403,0.0,Cash
844,TN-1844,2026-11-04 12:33:52.432432,Beauty,5,264.0605651151534,0.0,Credit Card
845,TN-1845,2026-11-04 21:18:33.513513,Apparel,1,66.50752503856093,0.0,Cash
846,TN-1846,2026-11-05 06:03:14.594594,Home & Kitchen,5,23.716462953712917,0.0,Debit Card
847,TN-1847,2026-11-05 14:47:55.675675,Books,1,217.67968721524292,0.0,PayPal
848,TN-1848,2026-11-05 23:32:36.756756,Home & Kitchen,1,243.5455427301796,0.0,PayPal
849,TN-1849,2026-11-06 08:17:17.837837,Apparel,4,114.3044769967084,0.0,Cash
850,TN-1850,2026-11-06 17:01:58.918918,Books,4,205.7256072006055,0.0,Debit Card
851,TN-1851,2026-11-07 01:46:40.000000,Electronics,2,102.40494024608623,0.15,Debit Card
852,TN-1852,2026-11-07 10:31:21.081081,Books,5,243.36519447417393,0.0,PayPal
853,TN-1853,2026-11-07 19:16:02.162162,Books,2,94.88751935612694,0.0,Cash
854,TN-1854,2026-11-08 04:00:43.243243,Books,4,26.079611419250817,0.15,Cash
855,TN-1855,2026-11-08 12:45:24.324324,Apparel,1,203.77855686396305,0.15,Credit Card
856,TN-1856,2026-11-08 21:30:05.405405,Apparel,5,137.56375428373963,0.15,PayPal
857,TN-1857,2026-11-09 06:14:46.486486,Apparel,2,287.09347808360747,0.0,Cash
858,TN-1858,2026-11-09 14:59:27.567567,Electronics,3,193.8902194546846,0.0,Cash
859,TN-1859,2026-11-09 23:44:08.648648,Electronics,3,139.36663269191175,0.0,Debit Card
860,TN-1860,2026-11-10 08:28:49.729729,Electronics,5,36.04520697741997,0.0,PayPal
861,TN-1861,2026-11-10 17:13:30.810810,Home & Kitchen,1,44.396293962141144,0.0,PayPal
862,TN-1862,2026-11-11 01:58:11.891891,Electronics,5,149.7977825190449,0.0,PayPal
863,TN-1863,2026-11-11 10:42:52.972972,Beauty,5,13.626973514268595,0.0,Debit Card
864,TN-1864,2026-11-11 19:27:34.054054,Home & Kitchen,1,123.44960156172704,0.0,Credit Card
865,TN-1865,2026-11-12 04:12:15.135135,Electronics,1,60.65566260096432,0.15,PayPal
866,TN-1866,2026-11-12 12:56:56.216216,Home & Kitchen,2,141.65151794308204,0.15,Cash
867,TN-1867,2026-11-12 21:41:37.297297,Books,3,116.50554355200042,0.15,Credit Card
868,TN-1868,2026-11-13 06:26:18.378378,Electronics,1,205.7387008527118,0.0,Cash
869,TN-1869,2026-11-13 15:10:59.459459,Electronics,4,163.21178228485795,0.0,Credit Card
870,TN-1870,2026-11-13 23:55:40.540540,Books,4,151.10583901655622,0.15,Credit Card
871,TN-1871,2026-11-14 08:40:21.621621,Electronics,5,109.72061731757574,0.0,Debit Card
872,TN-1872,2026-11-14 17:25:02.702702,Electronics,5,159.40357115839254,0.0,Credit Card
873,TN-1873,2026-11-15 02:09:43.783783,Beauty,2,65.41174508714826,0.0,Credit Card
874,TN-1874,2026-11-15 10:54:24.864864,Electronics,3,171.30966437438144,0.0,Cash
875,TN-1875,2026-11-15 19:39:05.945945,Books,4,208.28222557542915,0.0,Debit Card
876,TN-1876,2026-11-16 04:23:47.027027,Books,5,283.0325494554479,0.15,Credit Card
877,TN-1877,2026-11-16 13:08:28.108108,Home & Kitchen,1,130.79812291030868,0.0,Credit Card
878,TN-1878,2026-11-16 21:53:09.189189,Books,3,296.1433848599557,0.0,Debit Card
879,TN-1879,2026-11-17 06:37:50.270270,Home & Kitchen,2,35.85532852930166,0.15,Debit Card
880,TN-1880,2026-11-17 15:22:31.351351,Books,1,38.68162633760393,0.0,Credit Card
881,TN-1881,2026-11-18 00:07:12.432432,Books,2,42.25343965606253,0.0,PayPal
882,TN-1882,2026-11-18 08:51:53.513513,Apparel,3,267.73390186287406,0.15,Debit Card
883,TN-1883,2026-11-18 17:36:34.594594,Books,3,124.65712600026339,0.0,Debit Card
884,TN-1884,2026-11-19 02:21:15.675675,Apparel,5,93.84198254848499,0.0,Credit Card
885,TN-1885,2026-11-19 11:05:56.756756,Books,3,38.221994070848254,0.0,Credit Card
886,TN-1886,2026-11-19 19:50:37.837837,Books,5,172.75535505027332,0.0,Credit Card
887,TN-1887,2026-11-20 04:35:18.918918,Books,1,298.3517783223592,0.0,Cash
888,TN-1888,2026-11-20 13:20:00.000000,Beauty,2,249.26443493380845,0.0,Debit Card
889,TN-1889,2026-11-20 22:04:41.081081,Electronics,5,224.80472720490545,0.0,Cash
890,TN-1890,2026-11-21 06:49:22.162162,Books,2,193.47949837364524,0.0,Debit Card
891,TN-1891,2026-11-21 15:34:03.243243,Electronics,1,169.4932724968031,0.0,PayPal
892,TN-1892,2026-11-22 00:18:44.324324,Electronics,1,234.28008457982847,0.0,Debit Card
893,TN-1893,2026-11-22 09:03:25.405405,Books,2,222.25472486379041,0.15,Cash
894,TN-1894,2026-11-22 17:48:06.486486,Home & Kitchen,3,179.22401989322398,0.0,PayPal
895,TN-1895,2026-11-23 02:32:47.567567,Books,4,274.11754693636743,0.0,PayPal
896,TN-1896,2026-11-23 11:17:28.648648,Home & Kitchen,5,27.11829011330626,0.0,Credit Card
897,TN-1897,2026-11-23 20:02:09.729729,Books,1,13.336440455077554,0.15,PayPal
898,TN-1898,2026-11-24 04:46:50.810810,Home & Kitchen,3,286.83729761524285,0.0,PayPal
899,TN-1899,2026-11-24 13:31:31.891891,Beauty,5,250.04231890321168,0.0,Cash
900,TN-1900,2026-11-24 22:16:12.972972,Apparel,5,77.02982664437037,0.15,Cash
901,TN-1901,2026-11-25 07:00:54.054054,Books,4,153.7879049232506,0.0,Cash
902,TN-1902,2026-11-25 15:45:35.135135,Books,2,16.306422979324054,0.0,PayPal
903,TN-1903,2026-11-26 00:30:16.216216,Books,4,193.30951164002082,0.0,PayPal
904,TN-1904,2026-11-26 09:14:57.297297,Beauty,1,260.4584159299769,0.0,PayPal
905,TN-1905,2026-11-26 17:59:38.378378,Books,5,158.00748122657873,0.15,Credit Card
906,TN-1906,2026-11-27 02:44:19.459459,Books,2,16.280648446375345,0.15,Credit Card
907,TN-1907,2026-11-27 11:29:00.540540,Apparel,1,41.72218691082898,0.0,PayPal
908,TN-1908,2026-11-27 20:13:41.621621,Books,5,171.9663962741481,0.15,Credit Card
909,TN-1909,2026-11-28 04:58:22.702702,Books,2,75.54554199652357,0.0,PayPal
910,TN-1910,2026-11-28 13:43:03.783783,Beauty,1,66.72914688324406,0.0,Debit Card
911,TN-1911,2026-11-28 22:27:44.864864,Electronics,1,210.02267043174967,0.0,Cash
912,TN-1912,2026-11-29 07:12:25.945945,Books,5,189.71745042438397,0.0,PayPal
913,TN-1913,2026-11-29 15:57:07.027027,Books,2,123.69522980806994,0.0,Cash
914,TN-1914,2026-11-30 00:41:48.108108,Beauty,1,149.1469176681402,0.15,Credit Card
915,TN-1915,2026-11-30 09:26:29.189189,Apparel,2,60.92855626246639,0.0,Cash
916,TN-1916,2026-11-30 18:11:10.270270,Books,2,140.01610349741327,0.0,Debit Card
917,TN-1917,2026-12-01 02:55:51.351351,Beauty,5,284.99800244797103,0.15,Cash
918,TN-1918,2026-12-01 11:40:32.432432,Beauty,2,127.24920269837737,0.0,PayPal
919,TN-1919,2026-12-01 20:25:13.513513,Books,4,102.07409629853184,0.0,Cash
920,TN-1920,2026-12-02 05:09:54.594594,Books,2,292.67582220026105,0.0,Credit Card
921,TN-1921,2026-12-02 13:54:35.675675,Books,2,288.60845826981625,0.15,Cash
922,TN-1922,2026-12-02 22:39:16.756756,Apparel,3,209.81921908239983,0.15,Credit Card
923,TN-1923,2026-12-03 07:23:57.837837,Electronics,1,134.10594217543962,0.0,Cash
924,TN-1924,2026-12-03 16:08:38.918918,Electronics,1,122.35639971639645,0.0,Debit Card
925,TN-1925,2026-12-04 00:53:20.000000,Electronics,5,105.75043396228007,0.0,Debit Card
926,TN-1926,2026-12-04 09:38:01.081081,Apparel,4,199.01717329826303,0.0,Debit Card
927,TN-1927,2026-12-04 18:22:42.162162,Beauty,4,185.11527232212964,0.15,Debit Card
928,TN-1928,2026-12-05 03:07:23.243243,Electronics,4,202.68019672384355,0.0,Cash
929,TN-1929,2026-12-05 11:52:04.324324,Beauty,3,183.06249701894185,0.0,Debit Card
930,TN-1930,2026-12-05 20:36:45.405405,Apparel,1,299.96137402890963,0.0,Debit Card
931,TN-1931,2026-12-06 05:21:26.486486,Books,3,88.44999035130033,0.0,Debit Card
932,TN-1932,2026-12-06 14:06:07.567567,Books,5,118.41287319373778,0.15,Cash
933,TN-1933,2026-12-06 22:50:48.648648,Electronics,1,240.42051398561645,0.15,Cash
934,TN-1934,2026-12-07 07:35:29.729729,Home & Kitchen,4,155.28076434441698,0.15,Cash
935,TN-1935,2026-12-07 16:20:10.810810,Electronics,4,284.88767512589226,0.0,Credit Card
936,TN-1936,2026-12-08 01:04:51.891891,Books,4,70.65622460139959,0.0,PayPal
937,TN-1937,2026-12-08 09:49:32.972972,Apparel,1,128.5313830425044,0.15,Debit Card
938,TN-1938,2026-12-08 18:34:14.054054,Apparel,3,58.32682464108015,0.15,Credit Card
939,TN-1939,2026-12-09 03:18:55.135135,Home & Kitchen,5,198.2024248989329,0.0,PayPal
940,TN-1940,2026-12-09 12:03:36.216216,Apparel,3,56.309437015398615,0.0,PayPal
941,TN-1941,2026-12-09 20:48:17.297297,Beauty,1,54.06200872926298,0.15,Credit Card
942,TN-1942,2026-12-10 05:32:58.378378,Electronics,1,233.18255238539717,0.15,Credit Card
943,TN-1943,2026-12-10 14:17:39.459459,Home & Kitchen,2,46.259109383573424,0.15,PayPal
944,TN-1944,2026-12-10 23:02:20.540540,Books,5,33.87171780003629,0.0,Cash
945,TN-1945,2026-12-11 07:47:01.621621,Beauty,4,99.14670589604745,0.0,Debit Card
946,TN-1946,2026-12-11 16:31:42.702702,Electronics,5,251.0783470343145,0.0,PayPal
947,TN-1947,2026-12-12 01:16:23.783783,Books,4,243.8247904739903,0.0,PayPal
948,TN-1948,2026-12-12 10:01:04.864864,Apparel,1,106.14116119820035,0.0,Debit Card
949,TN-1949,2026-12-12 18:45:45.945945,Electronics,2,261.9036062620011,0.0,Credit Card
950,TN-1950,2026-12-13 03:30:27.027027,Apparel,4,194.00678703409602,0.15,Credit Card
951,TN-1951,2026-12-13 12:15:08.108108,Electronics,2,281.1373027923916,0.0,Credit Card
952,TN-1952,2026-12-13 20:59:49.189189,Electronics,2,149.40591017254297,0.0,Cash
953,TN-1953,2026-12-14 05:44:30.270270,Beauty,4,290.26559352992723,0.0,PayPal
954,TN-1954,2026-12-14 14:29:11.351351,Apparel,2,14.599873002901298,0.15,Credit Card
955,TN-1955,2026-12-14 23:13:52.432432,Books,4,134.38586789918668,0.0,Credit Card
956,TN-1956,2026-12-15 07:58:33.513513,Books,1,240.44823298636857,0.0,Cash
957,TN-1957,2026-12-15 16:43:14.594594,Home & Kitchen,4,185.43130096768317,0.15,Cash
958,TN-1958,2026-12-16 01:27:55.675675,Apparel,3,225.85921709297148,0.0,Credit Card
959,TN-1959,2026-12-16 10:12:36.756756,Books,4,35.28962254520314,0.0,Credit Card
960,TN-1960,2026-12-16 18:57:17.837837,Electronics,3,67.36720744752807,0.0,Cash
961,TN-1961,2026-12-17 03:41:58.918918,Electronics,3,29.068985442013975,0.0,Debit Card
962,TN-1962,2026-12-17 12:26:40.000000,Apparel,1,91.50835062222026,0.0,Credit Card
963,TN-1963,2026-12-17 21:11:21.081081,Electronics,2,106.30675057997054,0.0,Cash
964,TN-1964,2026-12-18 05:56:02.162162,Beauty,3,117.81188358570274,0.15,Debit Card
965,TN-1965,2026-12-18 14:40:43.243243,Beauty,1,90.58217419882635,0.15,Credit Card
966,TN-1966,2026-12-18 23:25:24.324324,Books,2,12.314973805489153,0.0,PayPal
967,TN-1967,2026-12-19 08:10:05.405405,Electronics,5,215.4835912230522,0.0,PayPal
968,TN-1968,2026-12-19 16:54:46.486486,Electronics,3,276.5130376863614,0.0,Cash
969,TN-1969,2026-12-20 01:39:27.567567,Books,2,46.36787849614389,0.0,Cash
970,TN-1970,2026-12-20 10:24:08.648648,Electronics,5,198.30868778017444,0.15,Debit Card
971,TN-1971,2026-12-20 19:08:49.729729,Home & Kitchen,2,104.37203035604341,0.15,Cash
972,TN-1972,2026-12-21 03:53:30.810810,Electronics,1,66.73590412223903,0.15,Debit Card
973,TN-1973,2026-12-21 12:38:11.891891,Apparel,5,227.00465933413352,0.15,Debit Card
974,TN-1974,2026-12-21 21:22:52.972972,Electronics,5,61.284453262974154,0.0,PayPal
975,TN-1975,2026-12-22 06:07:34.054054,Home & Kitchen,2,216.94103387429902,0.0,Credit Card
976,TN-1976,2026-12-22 14:52:15.135135,Apparel,4,50.87848978080291,0.15,PayPal
977,TN-1977,2026-12-22 23:36:56.216216,Apparel,3,112.57727149985405,0.0,Credit Card
978,TN-1978,2026-12-23 08:21:37.297297,Apparel,3,129.67341415595476,0.0,Cash
979,TN-1979,2026-12-23 17:06:18.378378,Apparel,1,262.1964134718782,0.0,Debit Card
980,TN-1980,2026-12-24 01:50:59.459459,Electronics,4,109.27568385782992,0.15,Cash
981,TN-1981,2026-12-24 10:35:40.540540,Electronics,3,240.9163707623885,0.0,Credit Card
982,TN-1982,2026-12-24 19:20:21.621621,Home & Kitchen,4,201.01032580629214,0.0,Cash
983,TN-1983,2026-12-25 04:05:02.702702,Books,1,208.88479528601547,0.0,Cash
984,TN-1984,2026-12-25 12:49:43.783783,Electronics,2,235.68083141009163,0.0,Cash
985,TN-1985,2026-12-25 21:34:24.864864,Electronics,4,87.93893210516322,0.0,Cash
986,TN-1986,2026-12-26 06:19:05.945945,Home & Kitchen,2,19.212605111617666,0.0,Cash
987,TN-1987,2026-12-26 15:03:47.027027,Electronics,5,63.469307745552975,0.15,Cash
988,TN-1988,2026-12-26 23:48:28.108108,Books,2,13.316106328210513,0.15,PayPal
989,TN-1989,2026-12-27 08:33:09.189189,Electronics,3,85.89051107686711,0.0,PayPal
990,TN-1990,2026-12-27 17:17:50.270270,Books,5,77.98786572483027,0.0,Cash
991,TN-1991,2026-12-28 02:02:31.351351,Electronics,5,61.34350832188757,0.15,Credit Card
992,TN-1992,2026-12-28 10:47:12.432432,Books,1,66.607996407627,0.15,Cash
993,TN-1993,2026-12-28 19:31:53.513513,Books,5,171.28647824684074,0.0,Credit Card
994,TN-1994,2026-12-29 04:16:34.594594,Apparel,5,134.5727120596716,0.0,PayPal
995,TN-1995,2026-12-29 13:01:15.675675,Books,4,160.83656013798043,0.15,Cash
996,TN-1996,2026-12-29 21:45:56.756756,Books,1,90.71009412813433,0.0,Cash
997,TN-1997,2026-12-30 06:30:37.837837,Electronics,3,279.65312096138354,0.15,PayPal
998,TN-1998,2026-12-30 15:15:18.918918,Beauty,1,160.2310456880806,0.0,Cash
999,TN-1999,2026-12-31 00:00:00.000000,Books,3,36.060709744076426,0.0,Credit Card
